Trigger Time,Type,source
1719680039,,konus
1719532732,,konus
1719323945,,konus
1719256791,,konus
1719229564,,konus
1718768608,,konus
1718473906,,konus
1718017497,,konus
1717815899,,konus
1717810322,,konus
1717758074,,konus
1717680787,,konus
1717491743,,konus
1717415542,,konus
1717381657,,konus
1717491743,,konus
1717415542,,konus
1717381657,,konus
1717322589,,konus
1717266756,,konus
1717231531,,konus
1717192864,,konus
1717007264,,konus
1716951104,,konus
1716818640,,konus
1716793063,,konus
1716276732,,konus
1716258636,,konus
1716430432,,konus
1716276732,,konus
1716258636,,konus
1716141317,,konus
1716126165,,konus
1716095223,,konus
1715850326,,konus
1715850326,,konus
1715705199,,konus
1715652317,,konus
1715584927,,konus
1715530733,,konus
1715474538,,konus
1715390084,,konus
1715323341,,konus
1715260809,,konus
1715255654,,konus
1715245454,,konus
1715230015,,konus
1715204401,,konus
1715099332,,konus
1715019660,,konus
1714934279,,konus
1714799569,,konus
1714560216,,konus
1714504889,,konus
1714137845,,konus
1713842017,,konus
1713736112,,konus
1713712283,,konus
1713692573,,konus
1713326586,,konus
1713170450,,konus
1713150650,,konus
1712984447,,konus
1713061861,,konus
1712984447,,konus
1712944357,,konus
1712806500,,konus
1712799902,,konus
1712780609,,konus
1712780609,,konus
1712535006,,konus
1712514634,,konus
1712451592,,konus
1712145471,,konus
1712115259,,konus
1712047668,,konus
1711965570,,konus
1711965570,,konus
1711875928,,konus
1711833175,,konus
1711413328,,konus
1711405762,,konus
1711348998,,konus
1711200218,,konus
1711178365,,konus
1711163723,,konus
1710668639,,konus
1710252127,,konus
1710072514,,konus
1709707548,,konus
1709707548,,konus
1709496307,,konus
1709468327,,konus
1709256245,,konus
1709215633,,konus
1709008812,,konus
1708891927,,konus
1708838373,,konus
1708640728,,konus
1708583351,,konus
1708576792,,konus
1708081021,,konus
1708066254,,konus
1707484129,,konus
1707439178,,konus
1707418904,,konus
1707171186,,konus
1707164786,,konus
1707113997,,konus
1707080169,,konus
1707059273,,konus
1706812416,,konus
1706501834,,konus
1706175303,,konus
1706175303,,konus
1706130873,,konus
1705980313,,konus
1705685345,,konus
1705564091,,konus
1705542508,,konus
1705521151,,konus
1705081041,,konus
1705038081,,konus
1704898415,,konus
1704501287,,konus
1704164404,,konus
1704113843,,konus
1703560370,,konus
1703228997,,konus
1702633639,,konus
1702625615,,konus
1702342607,,konus
1702585463,,konus
1702573082,,konus
1702342607,,konus
1702243747,,konus
1702221906,,konus
1702002585,,konus
1701794638,,konus
1701743110,,konus
1701743110,,konus
1701720004,,konus
1701586887,,konus
1675966079,,konus
1701285016,,konus
1701234357,,konus
1701200565,,konus
1701062064,,konus
1700934443,,konus
1700815091,,konus
1700665964,,konus
1700346856,,konus
1700327789,,konus
1700190198,,konus
1700062583,,konus
1699651177,,konus
1699305541,,konus
1699287951,,konus
1699194684,,konus
1699062459,,konus
1698927722,,konus
1698695899,,konus
1698531955,,konus
1698496297,,konus
1698466145,,konus
1697837750,,konus
1697828224,,konus
1697632243,,konus
1697632243,,konus
1697413775,,konus
1696702462,,konus
1696407817,,konus
1696130601,,konus
1695891970,,konus
1695410888,,konus
1695154127,,konus
1695142703,,konus
1694911478,,konus
1694418787,,konus
1694406353,,konus
1694418787,,konus
1694406353,,konus
1694314803,,konus
1694191276,,konus
1694004907,,konus
1693422074,,konus
1693240139,,konus
1693160297,,konus
1693116512,,konus
1692529506,,konus
1692353574,,konus
1692273786,,konus
1692115654,,konus
1692096595,,konus
1692039321,,konus
1692039321,,konus
1691866692,,konus
1691346706,,konus
1691272879,,konus
1691026029,,konus
1691026029,,konus
1690987869,,konus
1690087125,,konus
1689529125,,konus
1689520043,,konus
1689451592,,konus
1689415655,,konus
1689406202,,konus
1690087125,,konus
1689529125,,konus
1689520043,,konus
1689451592,,konus
1689415655,,konus
1689406202,,konus
1688921771,,konus
1688424789,,konus
1688424789,,konus
1688301530,,konus
1688265152,,konus
1688251473,,konus
1687789827,,konus
1687678137,,konus
1687631195,,konus
1687555355,,konus
1687280757,,konus
1687065977,,konus
1686947878,,konus
1686734103,,konus
1686249281,,konus
1686249281,,konus
1685858032,,konus
1685469299,,konus
1685453866,,konus
1685384353,,konus
1685162036,,konus
1685011564,,konus
1684695124,,konus
1684855431,,konus
1684726481,,konus
1684695124,,konus
1684586070,,konus
1684376302,,konus
1683872866,,konus
1683810516,,konus
1683810516,,konus
1683753695,,konus
1683720402,,konus
1683621306,,konus
1683604277,,konus
1683539132,,konus
1683534225,,konus
1683377118,,konus
1683349705,,konus
1683036195,,konus
1683026273,,konus
1683036195,,konus
1683026273,,konus
1682946472,,konus
1682840840,,konus
1682540949,,konus
1681852289,,konus
1681713161,,konus
1681459252,,konus
1681260537,,konus
1681125967,,konus
1681101079,,konus
1681052459,,konus
1681001291,,konus
1680724684,,konus
1680724684,,konus
1680420756,,konus
1680015288,,konus
1679365452,,konus
1679346745,,konus
1679192089,,konus
1678707527,,konus
1678482032,,konus
1678365138,,konus
1678282349,,konus
1678203845,,konus
1678023630,,konus
1677969180,,konus
1677957575,,konus
1677940553,,konus
1677910853,,konus
1677872884,,konus
1677865763,,konus
1677785736,,konus
1677694164,,konus
1677601906,,konus
1677257781,,konus
1677139751,,konus
1677132792,,konus
1676670786,,konus
1676130301,,konus
1675981961,,konus
1674997479,,konus
1674586193,,konus
1674578899,,konus
1673876900,,konus
1673859549,,konus
1673844881,,konus
1673728857,,konus
1673661624,,konus
1673604764,,konus
1673425934,,konus
1673401988,,konus
1673364849,,konus
1673309661,,konus
1673289973,,konus
1673088652,,konus
1672812197,,konus
1672966514,,konus
1672812197,,konus
1672618928,,konus
1672413962,,konus
1672371257,,konus
1672073071,,konus
1671662374,,konus
1670914626,,konus
1670914626,,konus
1670565024,,konus
1670469059,,konus
1670335465,,konus
1670329366,,konus
1670089249,,konus
1670071979,,konus
1669897484,,konus
1670017318,,konus
1669897484,,konus
1669255224,,konus
1669468054,,konus
1669255224,,konus
1669012491,,konus
1668870176,,konus
1668505579,,konus
1668343799,,konus
1668166768,,konus
1668136548,,konus
1668009968,,konus
1667784175,,konus
1667005531,,konus
1666962989,,konus
1666868468,,konus
1666843772,,konus
1666669630,,konus
1666659498,,konus
1666557692,,konus
1666557692,,konus
1666479357,,konus
1666449703,,konus
1666343936,,konus
1666343936,,konus
1666005283,,konus
1665984589,,konus
1665589352,,konus
1665584270,,konus
1665557239,,konus
1665767321,,konus
1665755652,,konus
1665731549,,konus
1665700890,,konus
1665626566,,konus
1665589352,,konus
1665584270,,konus
1665557239,,konus
1665485446,,konus
1665477642,,konus
1665321421,,konus
1664742064,,konus
1664677182,,konus
1664742064,,konus
1664677182,,konus
1664654588,,konus
1664536312,,konus
1664452504,,konus
1664209014,,konus
1664256980,,konus
1664209014,,konus
1663932740,,konus
1663758361,,konus
1663343448,,konus
1663321663,,konus
1663218826,,konus
1663155639,,konus
1663155639,,konus
1662788910,,konus
1662377330,,konus
1662377330,,konus
1662207375,,konus
1662207375,,konus
1661976467,,konus
1661976467,,konus
1661783870,,konus
1661771180,,konus
1661591742,,konus
1661065536,,konus
1660884897,,konus
1660582439,,konus
1659519551,,konus
1659196137,,konus
1659012089,,konus
1658257786,,konus
1657835134,,konus
1657835134,,konus
1657555917,,konus
1657423774,,konus
1657246020,,konus
1656039512,,konus
1655998436,,konus
1655967847,,konus
1656039512,,konus
1655998436,,konus
1655967847,,konus
1655807365,,konus
1655490669,,konus
1655363515,,konus
1655151816,,konus
1654844686,,konus
1654777273,,konus
1654664628,,konus
1654522519,,konus
1654300133,,konus
1654220483,,konus
1654064366,,konus
1653718370,,konus
1653643041,,konus
1653462616,,konus
1653437454,,konus
1653408298,,konus
1653385987,,konus
1653312246,,konus
1653178658,,konus
1653145409,,konus
1653032625,,konus
1652960739,,konus
1652531097,,konus
1652276519,,konus
1652331833,,konus
1652276519,,konus
1652190907,,konus
1651935968,,konus
1651918148,,konus
1651623350,,konus
1651326162,,konus
1651312456,,konus
1651296510,,konus
1651093245,,konus
1650955789,,konus
1650723247,,konus
1650633819,,konus
1650575023,,konus
1650529072,,konus
1650506026,,konus
1650426870,,konus
1650297117,,konus
1650234740,,konus
1649783206,,konus
1649661605,,konus
1649402885,,konus
1649204860,,konus
1648980829,,konus
1648808293,,konus
1648751284,,konus
1648661466,,konus
1647751196,,konus
1647429940,,konus
1647429940,,konus
1646880909,,konus
1646872102,,konus
1646718185,,konus
1646480051,,konus
1646371737,,konus
1646371737,,konus
1645496476,,konus
1645269694,,konus
1645262845,,konus
1645161967,,konus
1644541670,,konus
1643922934,,konus
1643514859,,konus
1643339896,,konus
1643309601,,konus
1642968394,,konus
1642995459,,konus
1642730864,,konus
1642730864,,konus
1642672275,,konus
1642658137,,konus
1642342174,,konus
1642275449,,konus
1642267315,,konus
1642235152,,konus
1642190208,,konus
1642176519,,konus
1642152022,,konus
1642112750,,konus
1642078378,,konus
1642061375,,konus
1641976761,,konus
1641928916,,konus
1641920751,,konus
1641643115,,konus
1641582094,,konus
1641566742,,konus
1641013895,,konus
1640934030,,konus
1640496339,,konus
1640437982,,konus
1640269765,,konus
1640227274,,konus
1640317350,,konus
1640269765,,konus
1640227274,,konus
1639950585,,konus
1639925724,,konus
1639637154,,konus
1639590691,,konus
1638871155,,konus
1638820273,,konus
1638803419,,konus
1638653823,,konus
1638618608,,konus
1638285392,,konus
1637507889,,konus
1637413791,,konus
1636963048,,konus
1637071429,,konus
1636963048,,konus
1636306036,,konus
1636173452,,konus
1636086908,,konus
1635951213,,konus
1635861480,,konus
1635840396,,konus
1635434846,,konus
1635216339,,konus
1635216339,,konus
1635172123,,konus
1634994399,,konus
1634863645,,konus
1634863645,,konus
1634623173,,konus
1634596099,,konus
1633708668,,konus
1633057856,,konus
1632794434,,konus
1632786965,,konus
1632532810,,konus
1632363088,,konus
1632341539,,konus
1631852057,,konus
1631461304,,konus
1631433704,,konus
1631429477,,konus
1631379674,,konus
1631372806,,konus
1631234750,,konus
1631217756,,konus
1631184197,,konus
1630231319,,konus
1630059023,,konus
1629961311,,konus
1629880166,,konus
1629623902,,konus
1629613969,,konus
1629531630,,konus
1629417915,,konus
1629248529,,konus
1628994234,,konus
1628820910,,konus
1628786819,,konus
1628376931,,konus
1628122139,,konus
1627991745,,konus
1627934886,,konus
1627826251,,konus
1627621045,,konus
1627379447,,konus
1627379447,,konus
1627175315,,konus
1627051564,,konus
1626381995,,konus
1626381995,,konus
1626249398,,konus
1626019582,,konus
1625948768,,konus
1625618015,,konus
1625591693,,konus
1625578893,,konus
1625559475,,konus
1625427200,,konus
1625415919,,konus
1625322400,,konus
1625252826,,konus
1624822297,,konus
1624496300,,konus
1624349370,,konus
1624147168,,konus
1624106739,,konus
1623934374,,konus
1623354688,,konus
1623101960,,konus
1623019265,,konus
1622947986,,konus
1622869739,,konus
1622635439,,konus
1622210623,,konus
1621832410,,konus
1621721500,,konus
1621343051,,konus
1621090605,,konus
1621016625,,konus
1620991497,,konus
1620747179,,konus
1620732401,,konus
1620568457,,konus
1619939116,,konus
1619868718,,konus
1619660591,,konus
1619499435,,konus
1619251316,,konus
1618602418,,konus
1618111901,,konus
1618015996,,konus
1618003706,,konus
1617749164,,konus
1617624686,,konus
1616616000,,konus
1616536934,,konus
1616036909,,konus
1615972119,,konus
1615185479,,konus
1615096604,,konus
1615064826,,konus
1615016471,,konus
1615002840,,konus
1614970978,,konus
1614544088,,konus
1614494314,,konus
1614475371,,konus
1613241738,,konus
1613199152,,konus
1612976883,,konus
1612734768,,konus
1612420370,,konus
1612296631,,konus
1612270462,,konus
1612028450,,konus
1611916535,,konus
1611903596,,konus
1611730216,,konus
1611494624,,konus
1611386340,,konus
1611254506,,konus
1610776411,,konus
1610415486,,konus
1609770664,,konus
1609759624,,konus
1609512811,,konus
1609506760,,konus
1609255254,,konus
1609140297,,konus
1609082046,,konus
1608625963,,konus
1608264853,,konus
1608129994,,konus
1607977632,,konus
1607492693,,konus
1607492693,,konus
1607407417,,konus
1607080698,,konus
1606033923,,konus
1605487788,,konus
1604889065,,konus
1604554265,,konus
1604511178,,konus
1604448056,,konus
1604426807,,konus
1603215237,,konus
1603071605,,konus
1602612418,,konus
1602560789,,konus
1602212895,,konus
1602039529,,konus
1602039529,,konus
1600930136,,konus
1600631814,,konus
1600270889,,konus
1600087713,,konus
1599919715,,konus
1599624088,,konus
1599488659,,konus
1599100467,,konus
1598709509,,konus
1598479779,,konus
1598416195,,konus
1597953642,,konus
1597644228,,konus
1597525368,,konus
1597233328,,konus
1597158643,,konus
1596987689,,konus
1596727729,,konus
1596634270,,konus
1596562721,,konus
1596425673,,konus
1596368814,,konus
1596296146,,konus
1596289226,,konus
1595384150,,konus
1594884874,,konus
1594862794,,konus
1594751708,,konus
1594714525,,konus
1594465480,,konus
1593854858,,konus
1593434997,,konus
1592935372,,konus
1592791910,,konus
1592534167,,konus
1592026205,,konus
1591693615,,konus
1591693615,,konus
1591567593,,konus
1591381058,,konus
1590799453,,konus
1590749124,,konus
1590661675,,konus
1590505488,,konus
1590328373,,konus
1590296643,,konus
1590063401,,konus
1589887248,,konus
1589822689,,konus
1589609346,,konus
1589147477,,konus
1589091122,,konus
1588866812,,konus
1588758245,,konus
1588482108,,konus
1588427193,,konus
1588328741,,konus
1588311233,,konus
1588307199,,konus
1588193247,,konus
1588084464,,konus
1588024762,,konus
1588016624,,konus
1588012296,,konus
1587986496,,konus
1587730030,,konus
1587545596,,konus
1587540137,,konus
1587140900,,konus
1586940481,,konus
1586797597,,konus
1586682524,,konus
1586674634,,konus
1586511832,,konus
1586313903,,konus
1585993779,,konus
1585949417,,konus
1585474387,,konus
1585342609,,konus
1585257229,,konus
1585217256,,konus
1585148005,,konus
1585106308,,konus
1584989196,,konus
1584698212,,konus
1584405631,,konus
1584097035,,konus
1584063698,,konus
1583939774,,konus
1583202868,,konus
1583048442,GRB,konus
1582873110,GRB,konus
1582788016,GRB,konus
1582520967,GRB,konus
1582257183,GRB,konus
1582156629,GRB,konus
1582106051,GRB,konus
1582097805,GRB,konus
1581405986,GRB,konus
1581399014,GRB,konus
1581321825,GRB,konus
1581038575,GRB,konus
1580566573,GRB,konus
1580510473,GRB,konus
1580378399,GRB,konus
1579985011,GRB,konus
1579657266,GRB,konus
1579561496,GRB,konus
1579466953,GRB,konus
1579123368,GRB,konus
1578973248,GRB,konus
1578832594,GRB,konus
1578755477,GRB,konus
1577911167,GRB,konus
1577467300,GRB,konus
1577410770,GRB,konus
1576960749,GRB,konus
1576850916,GRB,konus
1576636958,GRB,konus
1575319730,GRB,konus
1575212080,GRB,konus
1574997754,GRB,konus
1574657799,GRB,konus
1574160069,GRB,konus
1574115125,GRB,konus
1573477635,GRB,konus
1572697108,GRB,konus
1572557011,GRB,konus
1572547439,GRB,konus
1572507536,GRB,konus
1572495792,GRB,konus
1572189543,GRB,konus
1572084928,GRB,konus
1572028931,GRB,konus
1571843235,GRB,konus
1571527039,GRB,konus
1571479934,GRB,konus
1571304219,GRB,konus
1570777155,GRB,konus
1570224826,GRB,konus
1570212426,GRB,konus
1569912130,GRB,konus
1569791629,GRB,konus
1569676336,GRB,konus
1569551630,GRB,konus
1568917244,GRB,konus
1567794309,GRB,konus
1567731893,GRB,konus
1567531177,GRB,konus
1567372914,GRB,konus
1567003466,GRB,konus
1566767096,GRB,konus
1566657997,GRB,konus
1566567009,GRB,konus
1565746146,GRB,konus
1565453518,GRB,konus
1565287397,GRB,konus
1564980359,GRB,konus
1564881805,GRB,konus
1564612704,GRB,konus
1564258672,GRB,konus
1564243317,GRB,konus
1564154700,GRB,konus
1563664118,GRB,konus
1563633727,GRB,konus
1563548315,GRB,konus
1562957531,GRB,konus
1562482210,GRB,konus
1562432590,GRB,konus
1562420548,GRB,konus
1562220755,GRB,konus
1561975503,GRB,konus
1560953800,GRB,konus
1560609745,GRB,konus
1560422825,GRB,konus
1560293265,GRB,konus
1560189605,GRB,konus
1560166063,GRB,konus
1559786103,GRB,konus
1559644957,GRB,konus
1559333416,GRB,konus
1559211546,GRB,konus
1558497227,GRB,konus
1558250732,GRB,konus
1558121412,GRB,konus
1557558867,GRB,konus
1557483556,GRB,konus
1557119313,GRB,konus
1556688201,GRB,konus
1556448033,GRB,konus
1556339654,GRB,konus
1555667742,GRB,konus
1555579741,GRB,konus
1555301386,GRB,konus
1554990837,GRB,konus
1554975946,GRB,konus
1554663286,GRB,konus
1554411995,GRB,konus
1554086124,GRB,konus
1553963973,GRB,konus
1553840505,GRB,konus
1553585517,GRB,konus
1553558338,GRB,konus
1553467458,GRB,konus
1553415682,GRB,konus
1553375121,GRB,konus
1553206877,GRB,konus
1552984102,GRB,konus
1552652277,GRB,konus
1552210397,GRB,konus
1551929884,GRB,konus
1551791115,GRB,konus
1551728241,GRB,konus
1550981158,GRB,konus
1550476471,GRB,konus
1550255479,GRB,konus
1549971209,GRB,konus
1549424963,GRB,konus
1549259155,GRB,konus
1549208630,GRB,konus
1549071574,GRB,konus
1549045008,GRB,konus
1548764134,GRB,konus
1548479681,GRB,konus
1548176223,GRB,konus
1548141547,GRB,konus
1547850591,GRB,konus
1547735811,GRB,konus
1547519223,GRB,konus
1547499422,GRB,konus
1547141089,GRB,konus
1546807627,GRB,konus
1546781687,GRB,konus
1546549432,GRB,konus
1546533713,GRB,konus
1546443617,GRB,konus
1546219488,GRB,konus
1545965601,GRB,konus
1545891419,GRB,konus
1545509494,GRB,konus
1545460890,GRB,konus
1544841520,GRB,konus
1544632662,GRB,konus
1543862796,GRB,konus
1543631992,GRB,konus
1542951181,GRB,konus
1542833019,GRB,konus
1542694883,GRB,konus
1542637940,GRB,konus
1542470122,GRB,konus
1542368269,GRB,konus
1542031128,GRB,konus
1541590525,GRB,konus
1540735784,GRB,konus
1540558623,GRB,konus
1540062037,GRB,konus
1539809655,GRB,konus
1539516615,GRB,konus
1539228979,GRB,konus
1539032672,GRB,konus
1538980096,GRB,konus
1538333323,GRB,konus
1537886250,GRB,konus
1537741235,GRB,konus
1536949382,GRB,konus
1536928319,GRB,konus
1536734055,GRB,konus
1536540395,GRB,konus
1536257547,GRB,konus
1535482650,GRB,konus
1535246429,GRB,konus
1535105119,GRB,konus
1534944514,GRB,konus
1534768100,GRB,konus
1534385254,GRB,konus
1534129249,GRB,konus
1533846530,GRB,konus
1533811716,GRB,konus
1533595144,GRB,konus
1533421238,GRB,konus
1533388668,GRB,konus
1533340478,GRB,konus
1533072217,GRB,konus
1532812197,GRB,konus
1532798954,GRB,konus
1532460157,GRB,konus
1532369391,GRB,konus
1532303358,GRB,konus
1532096505,GRB,konus
1532063157,GRB,konus
1531937907,GRB,konus
1531769240,GRB,konus
1531676837,GRB,konus
1531328522,GRB,konus
1531102930,GRB,konus
1530707788,GRB,konus
1530682582,GRB,konus
1530658008,GRB,konus
1530651705,GRB,konus
1530005032,GRB,konus
1529977642,GRB,konus
1529785356,GRB,konus
1529772141,GRB,konus
1529509839,GRB,konus
1529483706,GRB,konus
1529361626,GRB,konus
1529342649,GRB,konus
1529282591,GRB,konus
1529060754,GRB,konus
1528829407,GRB,konus
1528687741,GRB,konus
1528196364,GRB,konus
1528042986,GRB,konus
1528004386,GRB,konus
1527679951,GRB,konus
1527582554,GRB,konus
1527332616,GRB,konus
1527005796,GRB,konus
1526412746,GRB,konus
1525980281,GRB,konus
1525525045,GRB,konus
1525403759,GRB,konus
1524882436,GRB,konus
1524825422,GRB,konus
1524748262,GRB,konus
1523931081,GRB,konus
1523916610,GRB,konus
1523866169,GRB,konus
1523449662,GRB,konus
1523435936,GRB,konus
1523261904,GRB,konus
1522878131,GRB,konus
1522807898,GRB,konus
1522662300,GRB,konus
1522613862,GRB,konus
1522444997,GRB,konus
1522034767,GRB,konus
1521942866,GRB,konus
1521866229,GRB,konus
1521415202,GRB,konus
1521306087,GRB,konus
1521176245,GRB,konus
1520988201,GRB,konus
1520241967,GRB,konus
1520233403,GRB,konus
1519366171,GRB,konus
1519334599,GRB,konus
1519216200,GRB,konus
1519040081,GRB,konus
1518966845,GRB,konus
1518306398,GRB,konus
1518283745,GRB,konus
1518265478,GRB,konus
1517711772,GRB,konus
1517547869,GRB,konus
1517274746,GRB,konus
1517119405,GRB,konus
1516932990,GRB,konus
1516915351,GRB,konus
1516424298,GRB,konus
1516392289,GRB,konus
1515837729,GRB,konus
1515811627,GRB,konus
1515802558,GRB,konus
1515774551,GRB,konus
1515688930,GRB,konus
1514941722,GRB,konus
1514674538,GRB,konus
1514596188,GRB,konus
1514541568,GRB,konus
1514332809,GRB,konus
1514057897,GRB,konus
1513434348,GRB,konus
1513119221,GRB,konus
1512906556,GRB,konus
1512851278,GRB,konus
1512239619,GRB,konus
1512182551,GRB,konus
1511984472,GRB,konus
1511674722,GRB,konus
1511501885,GRB,konus
1511184000,GRB,konus
1511171217,GRB,konus
1511135305,GRB,konus
1510921299,GRB,konus
1510519819,GRB,konus
1510155886,GRB,konus
1510150856,GRB,konus
1509969410,GRB,konus
1509750629,GRB,konus
1509590047,GRB,konus
1509533392,GRB,konus
1508706856,GRB,konus
1508344181,GRB,konus
1507746764,GRB,konus
1507683931,GRB,konus
1507662060,GRB,konus
1507133239,GRB,konus
1506413439,GRB,konus
1505966528,GRB,konus
1505447489,GRB,konus
1504976852,GRB,konus
1504682780,GRB,konus
1504658607,GRB,konus
1504518362,GRB,konus
1504267198,GRB,konus
1504153112,GRB,konus
1504079510,GRB,konus
1504023007,GRB,konus
1503988176,GRB,konus
1503862686,GRB,konus
1503776342,GRB,konus
1503737468,GRB,konus
1503662414,GRB,konus
1503645726,GRB,konus
1503444200,GRB,konus
1503393111,GRB,konus
1503227526,GRB,konus
1503006454,GRB,konus
1502893389,GRB,konus
1502322387,GRB,konus
1502231259,GRB,konus
1502156053,GRB,konus
1501942727,GRB,konus
1501797635,GRB,konus
1501781422,GRB,konus
1501736837,GRB,konus
1501687108,GRB,konus
1501282998,GRB,konus
1501095785,GRB,konus
1501040794,GRB,konus
1499829626,GRB,konus
1499713970,GRB,konus
1499546220,GRB,konus
1499475974,GRB,konus
1499222756,GRB,konus
1499071443,GRB,konus
1499038899,GRB,konus
1499023630,GRB,konus
1498581244,GRB,konus
1498469840,GRB,konus
1498438682,GRB,konus
1497785093,GRB,konus
1497629191,GRB,konus
1497440395,GRB,konus
1497112305,GRB,konus
1496875325,GRB,konus
1496790856,GRB,konus
1496586483,GRB,konus
1496305459,GRB,konus
1496041541,GRB,konus
1495884666,GRB,konus
1495622438,GRB,konus
1495495324,GRB,konus
1495467935,GRB,konus
1494759358,GRB,konus
1494735522,GRB,konus
1494482370,GRB,konus
1494393150,GRB,konus
1493921171,GRB,konus
1493370818,GRB,konus
1493360893,GRB,konus
1493028769,GRB,konus
1492980928,GRB,konus
1492967709,GRB,konus
1492848849,GRB,konus
1492351200,GRB,konus
1492094205,GRB,konus
1492040583,GRB,konus
1492034483,GRB,konus
1491705741,GRB,konus
1491417581,GRB,konus
1491238655,GRB,konus
1491227958,GRB,konus
1490912850,GRB,konus
1490779023,GRB,konus
1490478600,GRB,konus
1489981359,GRB,konus
1489766364,GRB,konus
1489683751,GRB,konus
1489239904,GRB,konus
1489062399,GRB,konus
1488950289,GRB,konus
1488809250,GRB,konus
1488694143,GRB,konus
1488606049,GRB,konus
1488308584,GRB,konus
1487739656,GRB,konus
1487616478,GRB,konus
1487462586,GRB,konus
1487086476,GRB,konus
1486694892,GRB,konus
1486602520,GRB,konus
1486593222,GRB,konus
1486577479,GRB,konus
1486559795,GRB,konus
1486503901,GRB,konus
1486378321,GRB,konus
1486298349,GRB,konus
1486019994,GRB,konus
1485904514,GRB,konus
1485480944,GRB,konus
1485430240,GRB,konus
1485291486,GRB,konus
1485236532,GRB,konus
1485009865,GRB,konus
1484962612,GRB,konus
1484502555,GRB,konus
1484431266,GRB,konus
1484423956,GRB,konus
1483967357,GRB,konus
1483931862,GRB,konus
1483596850,GRB,konus
1483325499,GRB,konus
1483237557,GRB,konus
1483045437,GRB,konus
1482244300,GRB,konus
1482049961,GRB,konus
1482038366,GRB,konus
1482032851,GRB,konus
1481946795,GRB,konus
1480987950,GRB,konus
1480790466,GRB,konus
1480720308,GRB,konus
1480689132,GRB,konus
1480403527,GRB,konus
1480214991,GRB,konus
1479346538,GRB,konus
1478672323,GRB,konus
1478433472,GRB,konus
1478340078,GRB,konus
1478126151,GRB,konus
1477662433,GRB,konus
1477262352,GRB,konus
1476987197,GRB,konus
1476734923,GRB,konus
1476550986,GRB,konus
1476448288,GRB,konus
1476315911,GRB,konus
1476162824,GRB,konus
1476106593,GRB,konus
1475622474,GRB,konus
1475283919,GRB,konus
1475092081,GRB,konus
1474109769,GRB,konus
1473979869,GRB,konus
1473683468,GRB,konus
1473668662,GRB,konus
1473602875,GRB,konus
1473527979,GRB,konus
1473311821,GRB,konus
1473074335,GRB,konus
1472480320,GRB,konus
1472048473,GRB,konus
1471882061,GRB,konus
1471811779,GRB,konus
1471694055,GRB,konus
1471638480,GRB,konus
1471368661,GRB,konus
1470492060,GRB,konus
1470118409,GRB,konus
1469496845,GRB,konus
1469356803,GRB,konus
1469128858,GRB,konus
1469039114,GRB,konus
1468783916,GRB,konus
1468353221,GRB,konus
1468093745,GRB,konus
1467740419,GRB,konus
1467547807,GRB,konus
1467462144,GRB,konus
1467238785,GRB,konus
1467149547,GRB,konus
1467122021,GRB,konus
1466657977,GRB,konus
1466399180,GRB,konus
1466267629,GRB,konus
1465762367,GRB,konus
1465298036,GRB,konus
1465157967,GRB,konus
1464624073,GRB,konus
1464591826,GRB,konus
1464444836,GRB,konus
1464432074,GRB,konus
1464173668,GRB,konus
1463822037,GRB,konus
1463779816,GRB,konus
1463532961,GRB,konus
1463377307,GRB,konus
1462567757,GRB,konus
1462784326,GRB,konus
1462717958,GRB,konus
1462567757,GRB,konus
1461752985,GRB,konus
1461612313,GRB,konus
1461516076,GRB,konus
1461498546,GRB,konus
1461326339,GRB,konus
1461208651,GRB,konus
1461078992,GRB,konus
1461002922,GRB,konus
1460264992,GRB,konus
1460181254,GRB,konus
1460096744,GRB,konus
1460045311,GRB,konus
1459944277,GRB,konus
1459488969,GRB,konus
1459474442,GRB,konus
1458889162,GRB,konus
1458835112,GRB,konus
1458135929,GRB,konus
1457812464,GRB,konus
1457627210,GRB,konus
1457569391,GRB,konus
1457036518,GRB,konus
1456980598,GRB,konus
1456603028,GRB,konus
1456428316,GRB,konus
1456243478,GRB,konus
1455966659,GRB,konus
1455864973,GRB,konus
1455649830,GRB,konus
1455561377,GRB,konus
1455441447,GRB,konus
1455364637,GRB,konus
1454986162,GRB,konus
1454564396,GRB,konus
1454228444,GRB,konus
1453985977,GRB,konus
1453080343,GRB,konus
1452677579,GRB,konus
1452496926,GRB,konus
1452205240,GRB,konus
1452120337,GRB,konus
1451842744,GRB,konus
1451609031,GRB,konus
1451569091,GRB,konus
1451558267,GRB,konus
1451424256,GRB,konus
1451247117,GRB,konus
1451193227,GRB,konus
1451180649,GRB,konus
1451070546,GRB,konus
1450771815,GRB,konus
1450532184,GRB,konus
1450516276,GRB,konus
1449883925,GRB,konus
1449063229,GRB,konus
1448510583,GRB,konus
1448088987,GRB,konus
1448007771,GRB,konus
1447852689,GRB,konus
1447756624,GRB,konus
1447724223,GRB,konus
1446927898,GRB,konus
1446249508,GRB,konus
1446088262,,konus
1446038514,GRB,konus
1445918304,GRB,konus
1445521862,GRB,konus
1445453968,GRB,konus
1445390936,GRB,konus
1445241928,GRB,konus
1444892132,GRB,konus
1444125297,GRB,konus
1443041065,GRB,konus
1442900250,GRB,konus
1442695395,GRB,konus
1442673202,GRB,konus
1442577472,GRB,konus
1442116323,GRB,konus
1441980371,GRB,konus
1441759312,GRB,konus
1441528940,GRB,konus
1441215340,GRB,konus
1441017249,GRB,konus
1440592230,GRB,konus
1440381210,GRB,konus
1440336714,GRB,konus
1440150274,GRB,konus
1439980400,GRB,konus
1439791252,GRB,konus
1439777124,GRB,konus
1439722968,GRB,konus
1439324529,GRB,konus
1439206691,GRB,konus
1438584941,GRB,konus
1438484581,GRB,konus
1438389500,GRB,konus
1438172669,GRB,konus
1438021967,GRB,konus
1437813854,GRB,konus
1437763574,GRB,konus
1437457753,GRB,konus
1437234302,GRB,konus
1436515533,GRB,konus
1436488081,GRB,konus
1435881398,GRB,konus
1435641644,GRB,konus
1435379006,GRB,konus
1435143692,GRB,konus
1434965198,GRB,konus
1434696791,GRB,konus
1434127904,GRB,konus
1433798386,GRB,konus
1433763925,GRB,konus
1433663709,GRB,konus
1433572570,GRB,konus
1433413480,GRB,konus
1433275763,GRB,konus
1432986136,GRB,konus
1432827853,GRB,konus
1432373389,GRB,konus
1431628505,GRB,konus
1431435409,GRB,konus
1431426248,GRB,konus
1431227988,GRB,konus
1431002495,GRB,konus
1430959078,GRB,konus
1430924823,GRB,konus
1430904834,GRB,konus
1430689742,GRB,konus
1430353271,GRB,konus
1430161618,GRB,konus
1430057741,GRB,konus
1429861381,GRB,konus
1429721560,GRB,konus
1429340307,GRB,konus
1429209216,GRB,konus
1428822960,GRB,konus
1428098052,GRB,konus
1427745138,GRB,konus
1427729711,GRB,konus
1427524924,GRB,konus
1427300689,GRB,konus
1427188325,GRB,konus
1427182754,GRB,konus
1427169377,GRB,konus
1427102921,GRB,konus
1427079082,GRB,konus
1426988107,GRB,konus
1426963608,GRB,konus
1426746586,GRB,konus
1426308891,GRB,konus
1425941992,GRB,konus
1425685777,GRB,konus
1425315926,GRB,konus
1425166359,GRB,konus
1425154581,GRB,konus
1425118377,GRB,konus
1425002640,GRB,konus
1424857400,GRB,konus
1424602144,GRB,konus
1424442104,GRB,konus
1424014481,GRB,konus
1423785710,GRB,konus
1423655528,GRB,konus
1423607187,GRB,konus
1423233080,GRB,konus
1422921554,GRB,konus
1422798411,GRB,konus
1422367711,GRB,konus
1422351160,GRB,konus
1422305503,GRB,konus
1421967751,GRB,konus
1421619275,GRB,konus
1421574502,GRB,konus
1420438248,GRB,konus
1419909865,GRB,konus
1419853742,GRB,konus
1419266075,GRB,konus
1419232135,GRB,konus
1419197515,GRB,konus
1419149229,GRB,konus
1419055371,GRB,konus
1418649973,GRB,konus
1418454732,GRB,konus
1418390630,GRB,konus
1417979481,GRB,konus
1417803506,GRB,konus
1417519026,GRB,konus
1416886382,GRB,konus
1416565854,GRB,konus
1416481260,GRB,konus
1416433785,,konus
1416132463,GRB,konus
1415566896,GRB,konus
1413495081,GRB,konus
1413025967,GRB,konus
1413009977,GRB,konus
1412485987,GRB,konus
1412106107,GRB,konus
1411900193,GRB,konus
1411658796,GRB,konus
1411333674,GRB,konus
1410956226,GRB,konus
1410341184,GRB,konus
1410047472,GRB,konus
1409998692,GRB,konus
1409475552,GRB,konus
1409453278,GRB,konus
1409163481,GRB,konus
1408949725,GRB,konus
1408890872,GRB,konus
1408698682,GRB,konus
1408665374,GRB,konus
1408339880,GRB,konus
1407696371,GRB,konus
1407459239,GRB,konus
1407412769,GRB,konus
1406919594,GRB,konus
1406594213,GRB,konus
1406079390,GRB,konus
1405929809,GRB,konus
1405506476,GRB,konus
1405319266,GRB,konus
1404954184,GRB,konus
1404244784,GRB,konus
1403813650,GRB,konus
1403380207,GRB,konus
1403292220,GRB,konus
1403274300,GRB,konus
1403217966,GRB,konus
1403125983,GRB,konus
1402458664,GRB,konus
1402405760,GRB,konus
1402247232,GRB,konus
1402216670,GRB,konus
1402024310,GRB,konus
1401958971,GRB,konus
1401857415,GRB,konus
1401375890,GRB,konus
1401355686,GRB,konus
1401307525,GRB,konus
1400814357,GRB,konus
1400693657,GRB,konus
1400264462,GRB,konus
1399923110,GRB,konus
1399518238,GRB,konus
1399410459,GRB,konus
1398945308,GRB,konus
1398908710,GRB,konus
1398877887,GRB,konus
1398721475,GRB,konus
1398574235,GRB,konus
1398065589,GRB,konus
1397989658,GRB,konus
1397880411,GRB,konus
1397611596,GRB,konus
1397514338,GRB,konus
1396153194,GRB,konus
1396076681,GRB,konus
1395570192,GRB,konus
1395346898,GRB,konus
1394581736,GRB,konus
1394549356,GRB,konus
1394298158,GRB,konus
1394250564,GRB,konus
1394076581,GRB,konus
1393995793,GRB,konus
1393887072,GRB,konus
1392945098,GRB,konus
1392839162,GRB,konus
1392795540,GRB,konus
1392468818,GRB,konus
1392437231,GRB,konus
1392319293,GRB,konus
1392220165,,konus
1391931060,GRB,konus
1391764033,GRB,konus
1391668569,GRB,konus
1391618799,GRB,konus
1388697456,GRB,konus
1388465132,GRB,konus
1388299170,GRB,konus
1388287604,GRB,konus
1388036858,GRB,konus
1387254205,GRB,konus
1387158993,GRB,konus
1387091330,GRB,konus
1387040153,GRB,konus
1386704381,GRB,konus
1386594480,GRB,konus
1386454475,GRB,konus
1386098801,GRB,konus
1385561539,GRB,konus
1385438048,GRB,konus
1385397172,GRB,konus
1385120706,GRB,konus
1384815538,GRB,konus
1384342568,GRB,konus
1383943312,GRB,konus
1383870892,GRB,konus
1383617127,GRB,konus
1383310426,GRB,konus
1383219219,GRB,konus
1383166577,GRB,konus
1383088850,GRB,konus
1382924946,GRB,konus
1381727341,GRB,konus
1381529808,GRB,konus
1380135735,GRB,konus
1379596579,GRB,konus
1379024233,GRB,konus
1378974902,GRB,konus
1378820301,GRB,konus
1378589955,GRB,konus
1377954262,GRB,konus
1377792481,GRB,konus
1377717830,GRB,konus
1377674497,GRB,konus
1377101458,GRB,konus
1376865275,GRB,konus
1376857164,GRB,konus
1376749429,GRB,konus
1376581881,GRB,konus
1376561203,GRB,konus
1376458483,GRB,konus
1376304916,GRB,konus
1375935836,GRB,konus
1375576397,GRB,konus
1375524173,GRB,konus
1374943524,GRB,konus
1374755921,GRB,konus
1374481201,GRB,konus
1374344616,GRB,konus
1374328797,GRB,konus
1373924682,GRB,konus
1373765943,GRB,konus
1373256392,GRB,konus
1372944364,GRB,konus
1372702532,GRB,konus
1372652262,GRB,konus
1372642025,GRB,konus
1372573878,GRB,konus
1372451884,GRB,konus
1372423441,GRB,konus
1372356804,GRB,konus
1372338175,GRB,konus
1372013890,GRB,konus
1371254171,GRB,konus
1371034638,GRB,konus
1370899279,GRB,konus
1370813916,GRB,konus
1370519740,GRB,konus
1370504132,GRB,konus
1370475703,GRB,konus
1370306903,GRB,konus
1370274556,GRB,konus
1369759285,GRB,konus
1369664488,GRB,konus
1369171473,GRB,konus
1368885297,GRB,konus
1368580880,GRB,konus
1368064340,GRB,konus
1367794516,GRB,konus
1367742147,GRB,konus
1367710144,GRB,konus
1367652719,GRB,konus
1367481072,GRB,konus
1367424026,GRB,konus
1367367227,GRB,konus
1367194085,GRB,konus
1367048829,GRB,konus
1366876280,GRB,konus
1366665363,GRB,konus
1366452491,GRB,konus
1366136929,GRB,konus
1365548515,GRB,konus
1365457901,GRB,konus
1365231306,GRB,konus
1365106207,GRB,konus
1364736950,GRB,konus
1364372647,GRB,konus
1364328539,GRB,konus
1364187116,GRB,konus
1363785851,GRB,konus
1363763324,GRB,konus
1363336128,GRB,konus
1362946188,GRB,konus
1362625308,GRB,konus
1362613669,GRB,konus
1362483553,GRB,konus
1362390593,GRB,konus
1362373133,GRB,konus
1362027957,GRB,konus
1362019276,GRB,konus
1361401727,GRB,konus
1361298950,GRB,konus
1361052924,GRB,konus
1361041092,GRB,konus
1360942470,GRB,konus
1360490225,GRB,konus
1360451019,GRB,konus
1360150415,GRB,konus
1359921771,GRB,konus
1358814469,GRB,konus
1358798519,GRB,konus
1357979267,GRB,konus
1357964881,GRB,konus
1357869271,GRB,konus
1357707389,GRB,konus
1357319896,GRB,konus
1356598320,GRB,konus
1356429666,GRB,konus
1356246685,GRB,konus
1355070619,GRB,konus
1354079153,GRB,konus
1354053357,GRB,konus
1353666970,GRB,konus
1353618897,GRB,konus
1353277647,GRB,konus
1353246543,GRB,konus
1353168369,GRB,konus
1352984578,GRB,konus
1352811773,GRB,konus
1352448422,GRB,konus
1351499066,GRB,konus
1350680761,GRB,konus
1350329788,GRB,konus
1350107328,GRB,konus
1350062541,GRB,konus
1349994740,GRB,konus
1348836795,GRB,konus
1348654399,GRB,konus
1348646580,GRB,konus
1348261384,GRB,konus
1348239789,GRB,konus
1348039478,GRB,konus
1348017299,GRB,konus
1347768464,GRB,konus
1347344772,GRB,konus
1347226070,GRB,konus
1346310423,GRB,konus
1346303093,GRB,konus
1346044224,GRB,konus
1345239482,GRB,konus
1345176153,GRB,konus
1345161498,GRB,konus
1345089466,GRB,konus
1344644431,GRB,konus
1344471642,GRB,konus
1344346358,GRB,konus
1344211816,GRB,konus
1344041655,GRB,konus
1343904833,GRB,konus
1343858724,GRB,konus
1343471134,GRB,konus
1343406021,GRB,konus
1342458307,GRB,konus
1342382361,GRB,konus
1341974755,GRB,konus
1341927872,GRB,konus
1341868303,GRB,konus
1341688346,GRB,konus
1341672500,GRB,konus
1341336323,GRB,konus
1341309671,GRB,konus
1340592642,GRB,konus
1340576406,GRB,konus
1340558135,GRB,konus
1340522662,GRB,konus
1340269686,GRB,konus
1340110808,GRB,konus
1339988627,GRB,konus
1339945367,GRB,konus
1339829803,GRB,konus
1339701877,GRB,konus
1339518582,GRB,konus
1339395113,GRB,konus
1339118289,GRB,konus
1338893538,GRB,konus
1338719534,GRB,konus
1338613200,GRB,konus
1338346421,GRB,konus
1338016597,GRB,konus
1337675959,GRB,konus
1337656267,GRB,konus
1337447898,GRB,konus
1337131259,GRB,konus
1336749534,GRB,konus
1335633978,GRB,konus
1335489451,GRB,konus
1335406155,GRB,konus
1334906778,GRB,konus
1334001382,GRB,konus
1332915986,GRB,konus
1332568750,GRB,konus
1332504615,GRB,konus
1332474774,GRB,konus
1331856672,GRB,konus
1330840668,GRB,konus
1330824470,GRB,konus
1330363483,GRB,konus
1330334570,GRB,konus
1330289659,GRB,konus
1330253057,GRB,konus
1330035833,GRB,konus
1329870574,GRB,konus
1329526138,GRB,konus
1329514915,GRB,konus
1329506634,GRB,konus
1328568383,GRB,konus
1328555688,GRB,konus
1328318249,GRB,konus
1328096517,GRB,konus
1327845348,GRB,konus
1326950988,GRB,konus
1326945874,GRB,konus
1326922368,GRB,konus
1326325033,GRB,konus
1325927532,GRB,konus
1325470581,GRB,konus
1325087136,GRB,konus
1324565515,GRB,konus
1324489412,GRB,konus
1324381223,GRB,konus
1324027287,GRB,konus
1323980882,GRB,konus
1323506259,GRB,konus
1323090650,GRB,konus
1322422032,GRB,konus
1322401383,GRB,konus
1322039675,GRB,konus
1321892782,GRB,konus
1321161013,GRB,konus
1321134464,GRB,konus
1320872237,GRB,konus
1320789784,GRB,konus
1320317941,GRB,konus
1319623380,GRB,konus
1319318390,GRB,konus
1319158424,GRB,konus
1318866330,GRB,konus
1318804900,GRB,konus
1318673719,GRB,konus
1318447661,GRB,konus
1318417000,GRB,konus
1318299314,GRB,konus
1318142738,GRB,konus
1318111981,GRB,konus
1317640198,GRB,konus
1317278637,GRB,konus
1317270531,GRB,konus
1316947285,GRB,konus
1316819275,GRB,konus
1316641969,GRB,konus
1316523940,GRB,konus
1316445153,GRB,konus
1316381222,GRB,konus
1315536422,GRB,konus
1315017573,GRB,konus
1315008783,GRB,konus
1314741396,GRB,konus
1314508157,GRB,konus
1314144785,GRB,konus
1314119507,GRB,konus
1313931132,GRB,konus
1313875668,GRB,konus
1313769474,GRB,konus
1313586300,GRB,konus
1313555715,GRB,konus
1313401255,GRB,konus
1313225104,GRB,konus
1313214053,GRB,konus
1313011026,GRB,konus
1312818295,GRB,konus
1312391546,GRB,konus
1312298356,GRB,konus
1312110574,GRB,konus
1311909928,GRB,konus
1311223666,GRB,konus
1311135274,GRB,konus
1310888406,GRB,konus
1310876394,GRB,konus
1310735635,GRB,konus
1310338431,GRB,konus
1310247164,GRB,konus
1310225070,GRB,konus
1310209628,GRB,konus
1310133586,GRB,konus
1309986790,GRB,konus
1309855424,GRB,konus
1309837029,GRB,konus
1309741711,GRB,konus
1309320594,GRB,konus
1309036105,GRB,konus
1308714453,GRB,konus
1308386873,GRB,konus
1308218972,GRB,konus
1307247808,GRB,konus
1307198985,GRB,konus
1306945217,GRB,konus
1306649867,GRB,konus
1306630120,GRB,konus
1306529344,GRB,konus
1306489913,GRB,konus
1306429739,GRB,konus
1306207299,GRB,konus
1306077120,GRB,konus
1306071057,GRB,konus
1306059555,GRB,konus
1306046612,GRB,konus
1305977338,GRB,konus
1305751090,GRB,konus
1305639892,GRB,konus
1305603699,GRB,konus
1305410942,GRB,konus
1305066444,GRB,konus
1304571174,GRB,konus
1304444141,GRB,konus
1303982309,GRB,konus
1303549615,GRB,konus
1303531573,GRB,konus
1303486902,GRB,konus
1303409447,GRB,konus
1303297350,GRB,konus
1302872368,GRB,konus
1302220615,GRB,konus
1302061446,GRB,konus
1301703181,GRB,konus
1301695461,GRB,konus
1301315363,GRB,konus
1301276314,GRB,konus
1301265180,GRB,konus
1300895860,GRB,konus
1300674217,GRB,konus
1300452242,GRB,konus
1299948614,GRB,konus
1299202951,GRB,konus
1298956125,GRB,konus
1298840509,GRB,konus
1298561393,GRB,konus
1298264890,GRB,konus
1297574248,GRB,konus
1297516351,GRB,konus
1296551059,GRB,konus
1296530708,GRB,konus
1295869012,GRB,konus
1295810265,GRB,konus
1295539182,GRB,konus
1295382856,GRB,konus
1295275662,GRB,konus
1294261372,GRB,konus
1294129480,GRB,konus
1293994474,GRB,konus
1293759409,GRB,konus
1293613163,GRB,konus
1293454305,GRB,konus
1293443103,GRB,konus
1293267858,GRB,konus
1293227087,GRB,konus
1292725894,GRB,konus
1292603030,GRB,konus
1292519868,GRB,konus
1292491095,GRB,konus
1292237358,GRB,konus
1292163980,GRB,konus
1291883222,GRB,konus
1291809418,GRB,konus
1291596745,GRB,konus
1291109966,GRB,konus
1291051520,GRB,konus
1291045170,GRB,konus
1290746678,GRB,konus
1290552738,GRB,konus
1290020406,GRB,konus
1289648230,GRB,konus
1289599831,GRB,konus
1288893476,GRB,konus
1288054151,GRB,konus
1287890786,GRB,konus
1287874264,GRB,konus
1287620012,GRB,konus
1287311561,GRB,konus
1287208216,GRB,konus
1287029515,GRB,konus
1286892601,GRB,konus
1286607260,GRB,konus
1286556198,GRB,konus
1286333533,GRB,konus
1285549964,GRB,konus
1285300693,GRB,konus
1284842556,GRB,konus
1284662470,GRB,konus
1284568201,GRB,konus
1284474736,GRB,konus
1284147465,GRB,konus
1283780970,GRB,konus
1283611148,GRB,konus
1283115727,GRB,konus
1283072403,GRB,konus
1282906548,GRB,konus
1282863509,GRB,konus
1282849597,GRB,konus
1282828839,GRB,konus
1282294620,GRB,konus
1281919073,GRB,konus
1281774322,GRB,konus
1281757811,GRB,konus
1281690421,GRB,konus
1281494152,GRB,konus
1281314002,GRB,konus
1281153798,GRB,konus
1281039387,GRB,konus
1280888968,GRB,konus
1280283500,GRB,konus
1279932126,GRB,konus
1279765121,GRB,konus
1279583041,GRB,konus
1279152807,GRB,konus
1279124838,GRB,konus
1279063890,GRB,konus
1278463598,GRB,konus
1278284353,GRB,konus
1278214505,GRB,konus
1277984719,GRB,konus
1277838845,GRB,konus
1277490747,GRB,konus
1277161154,GRB,konus
1277089413,GRB,konus
1276363566,GRB,konus
1276347856,GRB,konus
1275851563,GRB,konus
1275634422,GRB,konus
1275187839,GRB,konus
1275087675,GRB,konus
1275011283,GRB,konus
1274987143,GRB,konus
1274499949,GRB,konus
1274476452,GRB,konus
1274244806,GRB,konus
1273921991,GRB,konus
1273539010,GRB,konus
1273123541,GRB,konus
1272432807,GRB,konus
1272189516,GRB,konus
1271982897,GRB,konus
1271932164,GRB,konus
1271211627,GRB,konus
1270921547,GRB,konus
1270422903,GRB,konus
1270393200,GRB,konus
1270363612,GRB,konus
1270063174,GRB,konus
1269933898,GRB,konus
1269673997,GRB,konus
1269498967,GRB,konus
1269403652,GRB,konus
1269219905,GRB,konus
1269089884,GRB,konus
1268463265,GRB,konus
1268399981,GRB,konus
1268230606,GRB,konus
1267106129,GRB,konus
1266979270,GRB,konus
1266892691,GRB,konus
1266065081,GRB,konus
1265884430,GRB,konus
1265463006,GRB,konus
1265178860,GRB,konus
1264959062,GRB,konus
1264171681,GRB,konus
1263925506,GRB,konus
1263825329,GRB,konus
1263781413,GRB,konus
1263750497,GRB,konus
1263677543,GRB,konus
1262540566,GRB,konus
1262445520,GRB,konus
1262419965,GRB,konus
1262330034,GRB,konus
1262235396,GRB,konus
1261490986,GRB,konus
1260271131,GRB,konus
1260261963,GRB,konus
1259391042,GRB,konus
1259364349,GRB,konus
1259222369,GRB,konus
1259006374,GRB,konus
1258691676,GRB,konus
1258496126,GRB,konus
1258479869,GRB,konus
1258168066,GRB,konus
1257802274,GRB,konus
1257491667,GRB,konus
1257045995,GRB,konus
1256990432,GRB,konus
1256932352,GRB,konus
1256081191,GRB,konus
1256074604,GRB,konus
1255373224,GRB,konus
1255142588,GRB,konus
1254612796,GRB,konus
1254544543,GRB,konus
1254218965,GRB,konus
1254198787,GRB,konus
1254151784,GRB,konus
1253938828,GRB,konus
1253870441,GRB,konus
1253624204,GRB,konus
1253010739,GRB,konus
1252755171,GRB,konus
1252610991,GRB,konus
1252420290,GRB,konus
1252351427,GRB,konus
1251812184,GRB,konus
1251704193,GRB,konus
1251562098,,konus
1251426211,GRB,konus
1251399987,GRB,konus
1251043870,GRB,konus
1250470285,GRB,konus
1250290117,GRB,konus
1250239781,GRB,konus
1250136641,GRB,konus
1250056958,GRB,konus
1249860491,GRB,konus
1249425196,GRB,konus
1249191539,GRB,konus
1248737549,GRB,konus
1248395646,GRB,konus
1248155960,GRB,konus
1248109379,GRB,konus
1248071891,GRB,konus
1247967089,GRB,konus
1247941082,GRB,konus
1247791776,GRB,konus
1247691799,GRB,konus
1247678736,GRB,konus
1247362917,GRB,konus
1247125114,GRB,konus
1246714929,GRB,konus
1245990730,GRB,konus
1245724461,GRB,konus
1245622044,GRB,konus
1245490583,GRB,konus
1245313704,GRB,konus
1245214793,GRB,konus
1244818245,GRB,konus
1244021064,GRB,konus
1243707261,GRB,konus
1243622511,GRB,konus
1243603918,GRB,konus
1243513359,GRB,konus
1243227874,GRB,konus
1243153083,GRB,konus
1243070876,GRB,konus
1242850997,GRB,konus
1242674707,GRB,konus
1242505717,GRB,konus
1242321969,GRB,konus
1241914981,GRB,konus
1241028235,GRB,konus
1240911066,GRB,konus
1240874792,GRB,konus
1240763610,GRB,konus
1240650266,GRB,konus
1240045166,GRB,konus
1239493659,GRB,konus
1239480399,GRB,konus
1239257903,GRB,konus
1239226752,GRB,konus
1239219998,GRB,konus
1239038531,GRB,konus
1238574922,GRB,konus
1238544170,GRB,konus
1238361800,GRB,konus
1238260026,GRB,konus
1238233009,GRB,konus
1237766574,GRB,konus
1237761558,GRB,konus
1237090380,GRB,konus
1236884439,GRB,konus
1236658966,GRB,konus
1236533782,GRB,konus
1236380843,GRB,konus
1236273576,GRB,konus
1236215678,GRB,konus
1235890549,GRB,konus
1235822218,GRB,konus
1235796802,GRB,konus
1235759459,GRB,konus
1235719556,GRB,konus
1235410467,GRB,konus
1235034129,GRB,konus
1234846604,GRB,konus
1234349034,GRB,konus
1234139109,GRB,konus
1234003649,GRB,konus
1233510420,GRB,konus
1233367762,GRB,konus
1231781415,GRB,konus
1231374540,GRB,konus
1231244963,GRB,konus
1230864936,GRB,konus
1230833594,GRB,konus
1230693662,GRB,konus
1230650349,GRB,konus
1230153476,GRB,konus
1229921642,GRB,konus
1229876474,GRB,konus
1229431444,GRB,konus
1229366921,GRB,konus
1228865520,GRB,konus
1228422298,GRB,konus
1228312290,GRB,konus
1228122556,GRB,konus
1227930726,GRB,konus
1227735249,GRB,konus
1227614022,GRB,konus
1227356893,GRB,konus
1227299731,GRB,konus
1226333928,GRB,konus
1226327147,GRB,konus
1226322287,GRB,konus
1226250727,GRB,konus
1225758392,GRB,konus
1225543520,GRB,konus
1224983392,GRB,konus
1224922986,GRB,konus
1224702410,GRB,konus
1223522455,GRB,konus
1223126776,GRB,konus
1223066895,GRB,konus
1222895863,GRB,konus
1222367758,GRB,konus
1221731078,GRB,konus
1221558321,GRB,konus
1221523964,GRB,konus
1220677508,GRB,konus
1220086221,GRB,konus
1219686412,GRB,konus
1219673629,GRB,konus
1219614531,GRB,konus
1219507849,GRB,konus
1219305447,GRB,konus
1218945128,GRB,konus
1218930239,GRB,konus
1218888290,GRB,konus
1218153028,GRB,konus
1218058210,GRB,konus
1217987541,GRB,konus
1217722955,GRB,konus
1217668508,GRB,konus
1217443900,GRB,konus
1217146409,GRB,konus
1216892273,GRB,konus
1216856266,GRB,konus
1216819343,GRB,konus
1216635910,GRB,konus
1216162122,GRB,konus
1216057978,GRB,konus
1215693192,GRB,konus
1215627355,GRB,konus
1215318513,GRB,konus
1214317247,GRB,konus
1213502853,GRB,konus
1213355558,GRB,konus
1213147142,GRB,konus
1213051780,GRB,konus
1212818843,GRB,konus
1212709682,GRB,konus
1212521892,GRB,konus
1212370286,GRB,konus
1212003960,GRB,konus
1211999267,GRB,konus
1211858631,GRB,konus
1211689846,GRB,konus
1210758958,GRB,konus
1210751077,GRB,konus
1210655649,GRB,konus
1210647744,GRB,konus
1210196645,GRB,konus
1210146302,GRB,konus
1209709766,GRB,konus
1209585552,GRB,konus
1209474678,GRB,konus
1208114778,GRB,konus
1208076671,GRB,konus
1208055263,GRB,konus
1207948532,GRB,konus
1207942079,GRB,konus
1207625780,GRB,konus
1207600929,GRB,konus
1206875053,GRB,konus
1206830290,GRB,konus
1206691382,GRB,konus
1206588852,GRB,konus
1206081321,GRB,konus
1206013909,GRB,konus
1205929557,GRB,konus
1205907170,GRB,konus
1205829099,GRB,konus
1205800310,GRB,konus
1205752302,GRB,konus
1204961751,GRB,konus
1204576787,GRB,konus
1204471776,GRB,konus
1204304734,GRB,konus
1203872327,GRB,konus
1203675662,GRB,konus
1203314245,GRB,konus
1202857493,GRB,konus
1202714622,GRB,konus
1202133390,GRB,konus
1202017139,GRB,konus
1202005256,GRB,konus
1201442443,GRB,konus
1201062114,GRB,konus
1201026764,GRB,konus
1200589237,GRB,konus
1200326984,GRB,konus
1199885951,GRB,konus
1199397639,GRB,konus
1198835996,GRB,konus
1198827665,GRB,konus
1198786428,GRB,konus
1197911004,GRB,konus
1197195599,GRB,konus
1197123241,GRB,konus
1197005474,GRB,konus
1196747911,GRB,konus
1196042745,GRB,konus
1196032869,GRB,konus
1195998997,GRB,konus
1195489054,GRB,konus
1195465805,GRB,konus
1195396668,GRB,konus
1195311004,GRB,konus
1194892382,GRB,konus
1194558032,GRB,konus
1194486426,GRB,konus
1194060753,GRB,konus
1193734364,GRB,konus
1192863746,GRB,konus
1192787283,GRB,konus
1192540825,GRB,konus
1192413001,GRB,konus
1192331988,GRB,konus
1192265623,GRB,konus
1192049148,GRB,konus
1191652933,GRB,konus
1191397255,GRB,konus
1191290848,GRB,konus
1190735475,GRB,konus
1190331809,GRB,konus
1190014439,GRB,konus
1190004084,GRB,konus
1189845290,GRB,konus
1189501268,GRB,konus
1189445608,GRB,konus
1188497306,GRB,konus
1188418118,GRB,konus
1188006942,GRB,konus
1187988599,GRB,konus
1187782724,GRB,konus
1187776980,GRB,konus
1187700564,GRB,konus
1187518621,GRB,konus
1187361810,GRB,konus
1186356698,GRB,konus
1186035376,GRB,konus
1185705861,GRB,konus
1185319507,GRB,konus
1185084033,GRB,konus
1185027853,GRB,konus
1184946433,GRB,konus
1184875488,GRB,konus
1184709030,GRB,konus
1184685984,GRB,konus
1184608556,GRB,konus
1184389165,GRB,konus
1183824522,GRB,konus
1183499171,GRB,konus
1182830850,GRB,konus
1182779737,GRB,konus
1182611337,GRB,konus
1182479111,GRB,konus
1182066203,GRB,konus
1181999137,GRB,konus
1181957062,GRB,konus
1181797514,GRB,konus
1180933871,,konus
1179730291,GRB,konus
1179348085,GRB,konus
1178949972,GRB,konus
1178597902,GRB,konus
1177814382,GRB,konus
1177744465,GRB,konus
1177713785,GRB,konus
1177679811,GRB,konus
1177310048,GRB,konus
1177249890,GRB,konus
1177172378,GRB,konus
1177049893,GRB,konus
1176990324,GRB,konus
1176916580,GRB,konus
1176656886,GRB,konus
1175860962,GRB,konus
1175528914,GRB,konus
1175180387,GRB,konus
1175054029,GRB,konus
1174778793,GRB,konus
1174503137,GRB,konus
1173631355,GRB,konus
1173302140,GRB,konus
1173053490,GRB,konus
1172468504,GRB,konus
1172386695,GRB,konus
1172343154,GRB,konus
1172129515,GRB,konus
1172092004,GRB,konus
1171946676,GRB,konus
1171695817,GRB,konus
1171492758,GRB,konus
1171308693,GRB,konus
1171153060,GRB,konus
1170882044,GRB,konus
1170343390,GRB,konus
1170108568,GRB,konus
1169992370,GRB,konus
1169709650,GRB,konus
1169628111,GRB,konus
1169290118,GRB,konus
1169047381,GRB,konus
1168957933,GRB,konus
1168882661,GRB,konus
1168689388,GRB,konus
1168084336,GRB,konus
1167520171,GRB,konus
1167431147,GRB,konus
1166973371,GRB,konus
1166902509,GRB,konus
1166758214,GRB,konus
1166695007,GRB,konus
1165927617,GRB,konus
1165901482,GRB,konus
1165296133,GRB,konus
1165151557,GRB,konus
1164988714,GRB,konus
1164960686,GRB,konus
1164182208,GRB,konus
1164122612,GRB,konus
1163242470,GRB,konus
1163139288,GRB,konus
1162964042,GRB,konus
1162762859,GRB,konus
1162416402,GRB,konus
1162297175,GRB,konus
1162011121,GRB,konus
1161611276,GRB,konus
1161519821,GRB,konus
1161455364,GRB,konus
1161445148,GRB,konus
1160762776,GRB,konus
1160653918,GRB,konus
1160631383,GRB,konus
1160545870,GRB,konus
1160215689,GRB,konus
1160153126,GRB,konus
1160124222,GRB,konus
1159877661,GRB,konus
1159583450,GRB,konus
1159523679,GRB,konus
1159406222,GRB,konus
1159287508,GRB,konus
1159215268,GRB,konus
1158945678,GRB,konus
1158766358,GRB,konus
1158520218,GRB,konus
1158308732,GRB,konus
1158193729,GRB,konus
1158186749,GRB,konus
1158069357,GRB,konus
1157808003,GRB,konus
1157331853,GRB,konus
1157136239,GRB,konus
1156012096,GRB,konus
1155596554,GRB,konus
1155509421,GRB,konus
1155315398,GRB,konus
1154788035,GRB,konus
1154676813,GRB,konus
1154343377,GRB,konus
1154146055,GRB,konus
1153843350,GRB,konus
1153159605,GRB,konus
1153132620,GRB,konus
1152356072,GRB,konus
1152333043,GRB,konus
1151893344,GRB,konus
1151625992,GRB,konus
1151220811,GRB,konus
1151156815,GRB,konus
1150996788,GRB,konus
1150680433,GRB,konus
1150347420,GRB,konus
1150311821,GRB,konus
1150289031,GRB,konus
1149938542,GRB,konus
1149320497,GRB,konus
1149212911,GRB,konus
1149016756,GRB,konus
1148856767,GRB,konus
1148791880,GRB,konus
1148408632,GRB,konus
1148292617,GRB,konus
1148258314,GRB,konus
1147586514,GRB,konus
1147433551,GRB,konus
1147246996,GRB,konus
1147183804,GRB,konus
1147037726,GRB,konus
1146871921,GRB,konus
1146539013,GRB,konus
1146313189,GRB,konus
1146191445,GRB,konus
1146181912,GRB,konus
1145984263,GRB,konus
1145651783,GRB,konus
1145617428,GRB,konus
1145124881,GRB,konus
1145079058,GRB,konus
1145057925,GRB,konus
1144925428,GRB,konus
1144530270,GRB,konus
1143870016,GRB,konus
1143437748,GRB,konus
1143288126,GRB,konus
1143097464,GRB,konus
1142917303,GRB,konus
1142904178,GRB,konus
1142594255,GRB,konus
1142410100,GRB,konus
1142280695,GRB,konus
1142208726,GRB,konus
1141915914,GRB,konus
1141658558,GRB,konus
1141612559,GRB,konus
1141497494,GRB,konus
1141425768,GRB,konus
1141129627,GRB,konus
1141118457,GRB,konus
1141096650,GRB,konus
1141059620,GRB,konus
1140748270,GRB,konus
1140736966,GRB,konus
1140568159,GRB,konus
1140229025,GRB,konus
1140169659,GRB,konus
1140141327,GRB,konus
1139969037,GRB,konus
1139836269,GRB,konus
1139652019,GRB,konus
1139187736,GRB,konus
1138951736,GRB,konus
1138628903,GRB,konus
1138535443,GRB,konus
1138118653,GRB,konus
1137992727,GRB,konus
1137882300,GRB,konus
1137816775,GRB,konus
1137673615,GRB,konus
1137480597,GRB,konus
1137297784,GRB,konus
1136969330,GRB,konus
1136598883,GRB,konus
1136443744,GRB,konus
1136075632,GRB,konus
1135129872,GRB,konus
1135083856,GRB,konus
1134278881,GRB,konus
1134071972,GRB,konus
1133982217,GRB,konus
1133741593,GRB,konus
1133476534,GRB,konus
1133132115,GRB,konus
1132842006,GRB,konus
1132405859,GRB,konus
1132306291,GRB,konus
1132230833,GRB,konus
1131695268,GRB,konus
1131554520,GRB,konus
1131498742,GRB,konus
1131330644,GRB,konus
1131009943,GRB,konus
1130964467,GRB,konus
1130807594,GRB,konus
1130796065,GRB,konus
1130524055,GRB,konus
1130506567,GRB,konus
1130391023,GRB,konus
1129986505,GRB,konus
1129903262,GRB,konus
1129774928,GRB,konus
1129118409,GRB,konus
1128789200,GRB,konus
1128101652,GRB,konus
1127981451,GRB,konus
1127976194,GRB,konus
1127551751,GRB,konus
1127439468,GRB,konus
1127418954,GRB,konus
1127359319,GRB,konus
1125908424,GRB,konus
1125843735,GRB,konus
1125578523,GRB,konus
1125298331,GRB,konus
1125244034,GRB,konus
1124940869,GRB,konus
1124884662,GRB,konus
1124621743,GRB,konus
1124519954,GRB,konus
1124275393,GRB,konus
1123618526,GRB,konus
1123248592,GRB,konus
1122721842,GRB,konus
1122409334,GRB,konus
1121821829,GRB,konus
1121596257,GRB,konus
1121390150,GRB,konus
1121337184,GRB,konus
1121228941,GRB,konus
1120669891,GRB,konus
1120396620,GRB,konus
1120368705,GRB,konus
1120227714,GRB,konus
1119988454,GRB,konus
1119829052,GRB,konus
1119307761,GRB,konus
1118602314,GRB,konus
1117989946,GRB,konus
1117780140,GRB,konus
1117513645,GRB,konus
1117428282,GRB,konus
1117175557,GRB,konus
1116979376,GRB,konus
1116558456,GRB,konus
1116484160,GRB,konus
1116072670,GRB,konus
1115959204,GRB,konus
1115675841,GRB,konus
1115631078,GRB,konus
1114935569,GRB,konus
1114852387,GRB,konus
1114783789,GRB,konus
1114395460,GRB,konus
1113822032,GRB,konus
1113690955,GRB,konus
1113332324,GRB,konus
1113256266,GRB,konus
1113203460,GRB,konus
1113009512,GRB,konus
1112867873,GRB,konus
1112635665,GRB,konus
1112544971,GRB,konus
1112365211,GRB,konus
1111830833,GRB,konus
1111443106,GRB,konus
1111305865,GRB,konus
1111000334,GRB,konus
1110789188,GRB,konus
1110606017,GRB,konus
1109598373,GRB,konus
1109372259,GRB,konus
1108847150,GRB,konus
1108801402,GRB,konus
1108538792,GRB,konus
1108381108,GRB,konus
1108322640,GRB,konus
1108243451,GRB,konus
1107862825,GRB,konus
1107747527,GRB,konus
1107666019,GRB,konus
1107451322,GRB,konus
1106885994,GRB,konus
1106773650,GRB,konus
1106566205,GRB,konus
1106525059,GRB,konus
1105528222,GRB,konus
1105426351,GRB,konus
1104647246,GRB,konus
1104529849,GRB,konus
1104081746,GRB,konus
1103836108,GRB,konus
1103810781,GRB,konus
1103761175,GRB,konus
1103508323,GRB,konus
1103470733,GRB,konus
1103420540,GRB,konus
1103384750,GRB,konus
1103268509,GRB,konus
1102921176,GRB,konus
1102809463,GRB,konus
1102764718,GRB,konus
1102751398,GRB,konus
1102314266,GRB,konus
1101954654,GRB,konus
1101771793,GRB,konus
1101398827,GRB,konus
1101172193,GRB,konus
1101061534,GRB,konus
1100992729,GRB,konus
1100978623,GRB,konus
1100704674,GRB,konus
1100631278,GRB,konus
1100616162,GRB,konus
1099393946,GRB,konus
1099325218,GRB,konus
1099082674,GRB,konus
1098820613,GRB,konus
1098744476,GRB,konus
1098348633,GRB,konus
1097835734,GRB,konus
1097708184,GRB,konus
1097634882,GRB,konus
1097514118,GRB,konus
1097367300,GRB,konus
1097303900,GRB,konus
1097114528,GRB,konus
1097065123,GRB,konus
1096795076,GRB,konus
1096171397,GRB,konus
1096151338,GRB,konus
1096026735,GRB,konus
1095900626,GRB,konus
1095814763,GRB,konus
1095782775,GRB,konus
1095726183,GRB,konus
1095338465,GRB,konus
1095052440,GRB,konus
1095026144,GRB,konus
1094785083,GRB,konus
1094605886,GRB,konus
1093969826,GRB,konus
1093814450,GRB,konus
1093768731,GRB,konus
1093231123,GRB,konus
1093209719,GRB,konus
1093012752,GRB,konus
1092792545,GRB,konus
1092644398,GRB,konus
1092633661,GRB,konus
1092147343,GRB,konus
1091469746,GRB,konus
1091269473,GRB,konus
1090555595,GRB,konus
1090199791,GRB,konus
1090079588,GRB,konus
1088902149,GRB,konus
1088722002,GRB,konus
1088490460,GRB,konus
1087939553,GRB,konus
1087842275,GRB,konus
1087658146,GRB,konus
1087298554,GRB,konus
1087076624,GRB,konus
1086960962,GRB,konus
1086680099,GRB,konus
1086479921,GRB,konus
1086461173,GRB,konus
1086409899,GRB,konus
1086277248,GRB,konus
1086045305,GRB,konus
1085788151,GRB,konus
1085763352,GRB,konus
1085602876,GRB,konus
1084963371,GRB,konus
1084646213,GRB,konus
1084389813,GRB,konus
1084293979,GRB,konus
1084183175,GRB,konus
1083887056,GRB,konus
1083619344,GRB,konus
1083479818,GRB,konus
1083235975,GRB,konus
1083096756,GRB,konus
1082910212,GRB,konus
1082857966,GRB,konus
1082687011,GRB,konus
1082514617,GRB,konus
1082189111,GRB,konus
1081940900,GRB,konus
1081861794,GRB,konus
1081517947,GRB,konus
1081076330,GRB,konus
1081034636,GRB,konus
1081011291,GRB,konus
1080883682,GRB,konus
1080558650,GRB,konus
1080404368,GRB,konus
1080276007,GRB,konus
1080123674,GRB,konus
1079940545,GRB,konus
1079814157,GRB,konus
1079682361,GRB,konus
1079460971,GRB,konus
1079049756,GRB,konus
1078230240,GRB,konus
1078200876,GRB,konus
1077926924,GRB,konus
1077703333,GRB,konus
1077238510,GRB,konus
1076804883,GRB,konus
1076511726,GRB,konus
1076411472,GRB,konus
1076191916,GRB,konus
1075973268,GRB,konus
1075915130,GRB,konus
1075905300,GRB,konus
1075842039,GRB,konus
1075366697,GRB,konus
1074279045,GRB,konus
1074191409,GRB,konus
1073957806,GRB,konus
1073799225,GRB,konus
1073453644,GRB,konus
1073072125,GRB,konus
1072649412,GRB,konus
1072461299,GRB,konus
1072393256,GRB,konus
1072353103,GRB,konus
1072342361,GRB,konus
1072169678,GRB,konus
1071975520,GRB,konus
1071812347,GRB,konus
1071728885,GRB,konus
1071686205,GRB,konus
1071396655,GRB,konus
1071090482,GRB,konus
1071057063,GRB,konus
1070919278,GRB,konus
1070761034,GRB,konus
1070431134,GRB,konus
1070398757,GRB,konus
1070258853,GRB,konus
1070157891,GRB,konus
1069307514,GRB,konus
1069136776,GRB,konus
1068844070,GRB,konus
1068569115,GRB,konus
1068300661,GRB,konus
1068229446,GRB,konus
1067274430,GRB,konus
1067131587,GRB,konus
1066987455,GRB,konus
1066615810,GRB,konus
1066600857,GRB,konus
1066348442,GRB,konus
1065521531,GRB,konus
1065302050,GRB,konus
1064845635,GRB,konus
1064595147,GRB,konus
1064255448,GRB,konus
1064220204,GRB,konus
1064133503,GRB,konus
1064005837,GRB,konus
1063749558,GRB,konus
1062989171,GRB,konus
1062603799,GRB,konus
1062342424,GRB,konus
1062268653,GRB,konus
1062000520,GRB,konus
1061577627,GRB,konus
1061443896,GRB,konus
1060830372,GRB,konus
1060357668,GRB,konus
1060139410,GRB,konus
1059756709,GRB,konus
1059201512,GRB,konus
1059133588,GRB,konus
1058880700,GRB,konus
1058830872,GRB,konus
1058243150,GRB,konus
1058220891,GRB,konus
1057878301,GRB,konus
1057747045,GRB,konus
1057449735,GRB,konus
1056892136,GRB,konus
1056857204,GRB,konus
1056592011,GRB,konus
1056129054,GRB,konus
1055554241,GRB,konus
1054952357,GRB,konus
1054943270,GRB,konus
1054847185,GRB,konus
1054779619,GRB,konus
1054505526,GRB,konus
1053703859,GRB,konus
1053699049,GRB,konus
1053353099,GRB,konus
1053293322,GRB,konus
1053227538,GRB,konus
1053221023,GRB,konus
1052936550,GRB,konus
1052501305,GRB,konus
1052459420,GRB,konus
1052186651,GRB,konus
1052125405,GRB,konus
1051821890,GRB,konus
1051751841,GRB,konus
1051599088,GRB,konus
1051569078,GRB,konus
1051399799,GRB,konus
1051285711,GRB,konus
1051032384,GRB,konus
1051002086,GRB,konus
1050997880,GRB,konus
1050885390,GRB,konus
1050714727,GRB,konus
1050328107,GRB,konus
1050219279,GRB,konus
1049973825,GRB,konus
1049668927,GRB,konus
1049509053,GRB,konus
1049341069,GRB,konus
1049089120,GRB,konus
1048952058,GRB,konus
1048937849,GRB,konus
1048675424,GRB,konus
1048601709,GRB,konus
1048186162,GRB,konus
1048155119,GRB,konus
1047884329,GRB,konus
1047100704,GRB,konus
1047047519,GRB,konus
1046921878,GRB,konus
1046820864,GRB,konus
1046550443,GRB,konus
1046464012,GRB,konus
1046185373,GRB,konus
1045993506,GRB,konus
1045931576,,konus
1044886257,GRB,konus
1044529234,GRB,konus
1044362728,GRB,konus
1043670750,GRB,konus
1042964154,GRB,konus
1042824978,GRB,konus
1042618543,GRB,konus
1042611869,GRB,konus
1042191572,GRB,konus
1041777254,GRB,konus
1041549538,GRB,konus
1041522470,GRB,konus
1041453821,GRB,konus
1040914420,GRB,konus
1040605794,GRB,konus
1039925730,GRB,konus
1039634005,GRB,konus
1039605515,GRB,konus
1039214951,GRB,konus
1039058308,GRB,konus
1038720603,GRB,konus
1038247107,GRB,konus
1038203941,GRB,konus
1037710446,GRB,konus
1037433994,GRB,konus
1037169541,GRB,konus
1036831368,GRB,konus
1036733995,GRB,konus
1036252712,GRB,konus
1035707631,GRB,konus
1035577111,GRB,konus
1035341625,GRB,konus
1035144772,GRB,konus
1034764184,GRB,konus
1034577108,GRB,konus
1034481696,GRB,konus
1034233138,,konus
1034192339,,konus
1034188465,,konus
1034087403,GRB,konus
1034060450,GRB,konus
1033015962,GRB,konus
1032844211,GRB,konus
1032786382,GRB,konus
1032354492,GRB,konus
1032040398,GRB,konus
1031978410,GRB,konus
1031767215,GRB,konus
1031687851,GRB,konus
1031447902,GRB,konus
1031122421,GRB,konus
1030513537,GRB,konus
1029981086,,konus
1029947643,GRB,konus
1029769059,GRB,konus
1029743801,GRB,konus
1029206680,GRB,konus
1028359731,GRB,konus
1028202759,GRB,konus
1028123831,GRB,konus
1028075235,GRB,konus
1028009273,GRB,konus
1026978134,,konus
1026963172,,konus
1026771460,GRB,konus
1026760863,GRB,konus
1026746066,GRB,konus
1026661770,GRB,konus
1026454186,GRB,konus
1026102850,GRB,konus
1025926226,GRB,konus
1025625259,,konus
1025423931,GRB,konus
1025419046,GRB,konus
1024806183,GRB,konus
1024577890,GRB,konus
1023582545,GRB,konus
1023532429,GRB,konus
1023200023,GRB,konus
1023126633,GRB,konus
1023039030,GRB,konus
1023013314,GRB,konus
1022779344,GRB,konus
1022304964,GRB,konus
1022300814,GRB,konus
1021401357,GRB,konus
1020902474,GRB,konus
1020890511,GRB,konus
1020830819,GRB,konus
1020526235,GRB,konus
1020201719,GRB,konus
1020126409,GRB,konus
1020041335,GRB,konus
1019865371,GRB,konus
1019151784,GRB,konus
1019119112,GRB,konus
1019041310,,konus
1019021784,GRB,konus
1018714815,GRB,konus
1018152877,GRB,konus
1017967299,GRB,konus
1017915257,GRB,konus
1017734105,GRB,konus
1017711171,GRB,konus
1017195969,GRB,konus
1017139982,GRB,konus
1015982271,GRB,konus
1015809692,GRB,konus
1015441080,GRB,konus
1015203747,GRB,konus
1015195640,GRB,konus
1015071819,GRB,konus
1014740022,GRB,konus
1014278874,GRB,konus
1014061752,GRB,konus
1014021663,GRB,konus
1013712573,GRB,konus
1013240996,GRB,konus
1013177657,GRB,konus
1012602495,GRB,konus
1012165046,GRB,konus
1012115233,GRB,konus
1011930263,GRB,konus
1011414432,GRB,konus
1011271509,GRB,konus
1011217966,GRB,konus
1010887452,GRB,konus
1009963313,GRB,konus
1009581552,GRB,konus
1009310371,GRB,konus
1009234385,GRB,konus
1008897659,GRB,konus
1008471326,GRB,konus
1008359322,GRB,konus
1006843006,GRB,konus
1006368433,GRB,konus
1006126727,GRB,konus
1005855377,GRB,konus
1004607554,GRB,konus
1004430377,GRB,konus
1003956209,GRB,konus
1003386179,GRB,konus
1003218999,GRB,konus
1003032237,GRB,konus
1002570952,GRB,konus
1002227352,GRB,konus
1001237071,GRB,konus
1001180213,GRB,konus
1001049357,GRB,konus
1000827073,GRB,konus
1000691136,GRB,konus
999559674,GRB,konus
999509444,GRB,konus
999430914,GRB,konus
998972298,GRB,konus
998849253,GRB,konus
998400423,GRB,konus
998142795,GRB,konus
997695842,GRB,konus
997068724,GRB,konus
996956004,GRB,konus
996741316,GRB,konus
996690629,GRB,konus
996404125,GRB,konus
996111082,GRB,konus
996080488,GRB,konus
995910156,GRB,konus
995687811,GRB,konus
994808051,GRB,konus
994407545,GRB,konus
994192251,GRB,konus
993948389,GRB,konus
993841860,GRB,konus
993817267,GRB,konus
993754818,GRB,konus
993690606,GRB,konus
993490110,GRB,konus
993389729,GRB,konus
993267074,GRB,konus
992963823,GRB,konus
992919506,GRB,konus
992669724,GRB,konus
992607266,GRB,konus
992438588,GRB,konus
992417641,GRB,konus
992313198,GRB,konus
992297166,GRB,konus
991925723,GRB,konus
991212867,GRB,konus
990899703,GRB,konus
990892786,GRB,konus
990593059,GRB,konus
990564710,GRB,konus
990558866,GRB,konus
990318687,GRB,konus
990143494,GRB,konus
989327828,GRB,konus
988944232,GRB,konus
988768757,GRB,konus
988582963,GRB,konus
988397052,GRB,konus
987806283,GRB,konus
987755586,GRB,konus
986712322,GRB,konus
985720541,GRB,konus
985576500,GRB,konus
984810490,GRB,konus
984668469,GRB,konus
984065938,GRB,konus
983918144,GRB,konus
983754303,GRB,konus
983683135,GRB,konus
983214914,GRB,konus
982990157,GRB,konus
982870984,GRB,konus
982826591,GRB,konus
982709468,GRB,konus
982158778,GRB,konus
982033046,GRB,konus
981998799,GRB,konus
981601627,GRB,konus
980776055,GRB,konus
980500247,GRB,konus
980098120,GRB,konus
979899579,GRB,konus
979596967,GRB,konus
979254540,GRB,konus
979156747,GRB,konus
979007885,GRB,konus
978654701,GRB,konus
978628889,GRB,konus
978538275,GRB,konus
978171217,GRB,konus
978037564,GRB,konus
978004997,GRB,konus
977728160,GRB,konus
977581323,GRB,konus
977450331,GRB,konus
977238229,GRB,konus
977211506,GRB,konus
977108853,GRB,konus
976890871,GRB,konus
976827788,GRB,konus
976716146,GRB,konus
976633046,GRB,konus
976613623,GRB,konus
976181385,GRB,konus
976156015,GRB,konus
975916869,GRB,konus
975556775,GRB,konus
974840252,GRB,konus
974738836,GRB,konus
974727931,GRB,konus
974593006,GRB,konus
974297326,GRB,konus
973663917,GRB,konus
973563430,GRB,konus
973523715,GRB,konus
973472051,GRB,konus
973441528,GRB,konus
973180428,GRB,konus
972746010,GRB,konus
972503369,GRB,konus
972494638,GRB,konus
972443404,GRB,konus
972193705,GRB,konus
972072065,GRB,konus
971999975,GRB,konus
971888314,GRB,konus
971821147,GRB,konus
971460838,GRB,konus
971279694,GRB,konus
970894727,GRB,konus
970716309,GRB,konus
970671090,GRB,konus
970105485,GRB,konus
970012173,GRB,konus
969913856,GRB,konus
969305781,GRB,konus
969272555,GRB,konus
968656525,GRB,konus
968617675,GRB,konus
968274049,GRB,konus
968073522,GRB,konus
968021210,GRB,konus
967679393,GRB,konus
967516252,GRB,konus
967038078,GRB,konus
966849589,GRB,konus
966824213,GRB,konus
966760675,GRB,konus
966629347,GRB,konus
966508420,GRB,konus
966109182,GRB,konus
966053871,GRB,konus
966007813,GRB,konus
965408829,,konus
965105774,GRB,konus
965058170,GRB,konus
964965627,GRB,konus
964915454,GRB,konus
964726955,GRB,konus
964584473,GRB,konus
964178696,GRB,konus
963953236,GRB,konus
963512823,GRB,konus
962966148,GRB,konus
962945372,GRB,konus
962680109,GRB,konus
962435561,GRB,konus
962325061,GRB,konus
962255330,GRB,konus
961778162,GRB,konus
961722287,GRB,konus
961479224,GRB,konus
961457331,GRB,konus
961139663,GRB,konus
961102020,GRB,konus
961086752,GRB,konus
960971642,GRB,konus
960589815,GRB,konus
960492897,GRB,konus
960392589,,konus
960344689,GRB,konus
960078944,GRB,konus
959589792,GRB,konus
959503599,GRB,konus
959431590,GRB,konus
959383694,GRB,konus
959126946,GRB,konus
958741357,GRB,konus
958724291,GRB,konus
958557724,GRB,konus
958541790,GRB,konus
958469164,GRB,konus
958216894,GRB,konus
957821422,GRB,konus
957813057,GRB,konus
957002843,GRB,konus
956640338,GRB,konus
956600287,GRB,konus
956240531,GRB,konus
956231071,GRB,konus
956110370,GRB,konus
956051589,GRB,konus
955788042,GRB,konus
955539774,GRB,konus
955363251,,konus
955357896,,konus
955161347,GRB,konus
954733199,GRB,konus
954685861,GRB,konus
954405430,GRB,konus
954047934,GRB,konus
953874617,GRB,konus
953162372,GRB,konus
952838633,GRB,konus
952465849,GRB,konus
952391843,GRB,konus
952365633,GRB,konus
952181918,GRB,konus
951965425,GRB,konus
951904298,GRB,konus
951878033,GRB,konus
951569466,GRB,konus
951537112,GRB,konus
951347624,GRB,konus
951176351,GRB,konus
950890744,GRB,konus
950490059,GRB,konus
950394663,GRB,konus
950375192,GRB,konus
950172245,GRB,konus
949967781,GRB,konus
949888365,GRB,konus
949739993,GRB,konus
949339640,GRB,konus
949330755,GRB,konus
948929202,GRB,konus
948874554,GRB,konus
948649328,GRB,konus
948635383,GRB,konus
947947772,GRB,konus
947737628,GRB,konus
947479126,GRB,konus
947269596,GRB,konus
946689631,GRB,konus
946480288,GRB,konus
946249739,GRB,konus
946220404,GRB,konus
945772596,GRB,konus
945360438,GRB,konus
944784851,GRB,konus
944627813,GRB,konus
944516067,GRB,konus
943714508,GRB,konus
943435870,GRB,konus
943183317,GRB,konus
943076811,GRB,konus
942876739,GRB,konus
942762666,GRB,konus
942691690,GRB,konus
942532870,GRB,konus
942043566,GRB,konus
941915013,GRB,konus
941820049,GRB,konus
941735231,GRB,konus
941497217,GRB,konus
940942985,GRB,konus
940912398,GRB,konus
940870593,GRB,konus
940750340,GRB,konus
939278053,GRB,konus
939260968,GRB,konus
939096869,GRB,konus
939049957,GRB,konus
939042888,GRB,konus
938904543,GRB,konus
938740950,GRB,konus
937737389,GRB,konus
937632797,GRB,konus
937577890,,konus
937531099,,konus
937437321,GRB,konus
937391939,GRB,konus
937205517,GRB,konus
936802244,GRB,konus
936725715,GRB,konus
936337330,GRB,konus
936099435,GRB,konus
935868420,GRB,konus
935486623,GRB,konus
935323425,GRB,konus
935215648,GRB,konus
934771483,GRB,konus
934314330,GRB,konus
933957768,GRB,konus
933949688,GRB,konus
933661777,GRB,konus
933159829,GRB,konus
932851758,GRB,konus
932628204,GRB,konus
932504741,GRB,konus
932403535,GRB,konus
932106559,GRB,konus
931976030,GRB,konus
931901930,GRB,konus
931797786,GRB,konus
931765515,GRB,konus
931360400,GRB,konus
931190486,GRB,konus
930757155,GRB,konus
930047444,GRB,konus
929797330,GRB,konus
929638523,GRB,konus
929461677,GRB,konus
929102223,GRB,konus
928166181,GRB,konus
928106798,GRB,konus
928102819,GRB,konus
927884533,GRB,konus
927346424,GRB,konus
927048064,GRB,konus
926994253,GRB,konus
926898865,GRB,konus
926326150,GRB,konus
925989810,GRB,konus
925890670,GRB,konus
925843586,GRB,konus
925227843,GRB,konus
925006767,GRB,konus
924991763,GRB,konus
924936902,GRB,konus
924923553,GRB,konus
924526510,GRB,konus
924136697,GRB,konus
924114723,GRB,konus
924062423,GRB,konus
923990050,GRB,konus
923804735,GRB,konus
923316063,GRB,konus
923300459,GRB,konus
923281709,GRB,konus
923132945,GRB,konus
922986968,GRB,konus
922748180,GRB,konus
922515711,GRB,konus
922210177,GRB,konus
922075437,GRB,konus
921990467,GRB,konus
921879651,GRB,konus
921587359,GRB,konus
921577243,GRB,konus
921515731,GRB,konus
921316912,GRB,konus
921266709,GRB,konus
921256541,GRB,konus
920862294,GRB,konus
920542536,GRB,konus
920084217,GRB,konus
920018095,GRB,konus
919139168,GRB,konus
918447166,GRB,konus
918415275,GRB,konus
918316261,GRB,konus
918277827,GRB,konus
917586983,GRB,konus
917518852,GRB,konus
917360644,GRB,konus
917084834,GRB,konus
916616179,GRB,konus
916607536,GRB,konus
916077506,GRB,konus
916055848,GRB,konus
915881056,GRB,konus
915526189,GRB,konus
915465753,GRB,konus
915285120,GRB,konus
915253598,GRB,konus
915066486,GRB,konus
914724819,GRB,konus
914669222,GRB,konus
914415085,GRB,konus
914207457,GRB,konus
914190747,GRB,konus
914090694,GRB,konus
914001334,GRB,konus
912836489,GRB,konus
912669488,GRB,konus
912646787,GRB,konus
912387186,GRB,konus
910842945,GRB,konus
910783784,GRB,konus
910397581,GRB,konus
909993354,GRB,konus
909905341,GRB,konus
909827050,GRB,konus
909710406,GRB,konus
909079323,GRB,konus
909011293,GRB,konus
908834805,GRB,konus
908656333,GRB,konus
908493331,GRB,konus
908427147,GRB,konus
908335434,GRB,konus
907911935,GRB,konus
907610426,GRB,konus
906753899,GRB,konus
906699171,GRB,konus
906581447,GRB,konus
906182964,GRB,konus
906123184,GRB,konus
905613340,GRB,konus
905295063,GRB,konus
904898549,GRB,konus
904818497,GRB,konus
904333084,GRB,konus
904248641,GRB,konus
903826158,GRB,konus
903751818,GRB,konus
903719764,GRB,konus
902988077,GRB,konus
902898970,GRB,konus
902774135,GRB,konus
902151387,GRB,konus
901860129,GRB,konus
901202116,GRB,konus
901002991,GRB,konus
900972967,GRB,konus
900730739,GRB,konus
900301304,GRB,konus
899916892,GRB,konus
899908687,GRB,konus
899761251,GRB,konus
899740786,GRB,konus
899110786,GRB,konus
898900789,GRB,konus
898704474,GRB,konus
898546902,GRB,konus
898261930,GRB,konus
898003737,GRB,konus
897905521,GRB,konus
897814254,GRB,konus
897556251,GRB,konus
897522995,GRB,konus
897508346,GRB,konus
897424339,GRB,konus
897055931,GRB,konus
896600860,GRB,konus
896254498,GRB,konus
895890200,GRB,konus
895663779,GRB,konus
895580419,GRB,konus
895464472,GRB,konus
895317837,GRB,konus
894997553,GRB,konus
894600445,GRB,konus
893954102,GRB,konus
893828492,GRB,konus
893794206,GRB,konus
893724789,GRB,konus
893668073,GRB,konus
893066813,GRB,konus
892843356,GRB,konus
892819964,GRB,konus
892087720,GRB,konus
891405116,GRB,konus
891363478,GRB,konus
891249623,GRB,konus
891216096,GRB,konus
891143079,GRB,konus
890143094,GRB,konus
889864064,GRB,konus
889545051,GRB,konus
889538261,GRB,konus
889476102,GRB,konus
889323605,GRB,konus
889205648,GRB,konus
889176989,GRB,konus
889147703,GRB,konus
888826755,GRB,konus
888814774,GRB,konus
888742767,GRB,konus
888707505,GRB,konus
888684852,GRB,konus
888648244,GRB,konus
887896365,GRB,konus
887814768,GRB,konus
887773528,GRB,konus
887554855,GRB,konus
886942258,GRB,konus
886656585,GRB,konus
886546030,GRB,konus
886524010,GRB,konus
886515664,GRB,konus
886413306,GRB,konus
886281787,GRB,konus
885862730,GRB,konus
885807817,GRB,konus
885760813,GRB,konus
885623678,GRB,konus
884664462,GRB,konus
884092680,GRB,konus
884024685,GRB,konus
883961084,GRB,konus
883769509,GRB,konus
883523750,GRB,konus
883210988,GRB,konus
882869704,GRB,konus
882569574,GRB,konus
882455703,GRB,konus
882448962,GRB,konus
882141652,GRB,konus
881739815,GRB,konus
881709035,GRB,konus
881556437,GRB,konus
881524711,GRB,konus
881160796,GRB,konus
880589081,GRB,konus
880234181,GRB,konus
879840208,GRB,konus
879510065,GRB,konus
879437329,GRB,konus
879188141,GRB,konus
878365884,GRB,konus
878279420,GRB,konus
878088551,GRB,konus
877920208,,konus
877585410,GRB,konus
877521439,GRB,konus
877272954,GRB,konus
876904059,GRB,konus
876423414,GRB,konus
876115023,GRB,konus
876014156,GRB,konus
875577661,GRB,konus
875314579,GRB,konus
875227398,GRB,konus
875014761,GRB,konus
874895158,GRB,konus
874883828,GRB,konus
874692863,GRB,konus
874314470,GRB,konus
873185961,GRB,konus
873049200,GRB,konus
872790282,GRB,konus
872447683,GRB,konus
871796325,GRB,konus
871697865,GRB,konus
871646824,GRB,konus
870978317,GRB,konus
870632935,GRB,konus
870492329,GRB,konus
870416506,GRB,konus
869903176,,konus
869898634,,konus
869895865,,konus
869892890,,konus
869634657,GRB,konus
869527867,GRB,konus
868976474,GRB,konus
868774590,GRB,konus
868225214,GRB,konus
868123259,GRB,konus
867468471,GRB,konus
867449208,GRB,konus
867289439,GRB,konus
867240793,GRB,konus
867220481,GRB,konus
867133807,GRB,konus
867131249,GRB,konus
866484657,GRB,konus
866125724,GRB,konus
865956118,GRB,konus
865777032,GRB,konus
865674984,GRB,konus
865453745,GRB,konus
865380899,GRB,konus
865268455,GRB,konus
865192770,GRB,konus
864611606,GRB,konus
864222791,GRB,konus
863859880,GRB,konus
863184243,GRB,konus
862933303,GRB,konus
862476500,GRB,konus
862313808,GRB,konus
862198965,GRB,konus
862144923,GRB,konus
861430343,GRB,konus
861358759,GRB,konus
861232436,GRB,konus
860752365,,konus
860342887,GRB,konus
860285860,GRB,konus
860175010,GRB,konus
859723988,GRB,konus
859311382,GRB,konus
859179764,GRB,konus
858533170,GRB,konus
858463764,GRB,konus
858440452,GRB,konus
858414064,GRB,konus
858389801,GRB,konus
858246373,GRB,konus
858241296,GRB,konus
857762943,GRB,konus
857611320,GRB,konus
857462650,GRB,konus
857368307,GRB,konus
857098681,GRB,konus
856946785,GRB,konus
856686386,GRB,konus
856655606,GRB,konus
856274996,GRB,konus
855961153,GRB,konus
855917183,GRB,konus
855188003,GRB,konus
854933525,GRB,konus
854867441,GRB,konus
854812450,GRB,konus
854804222,GRB,konus
854308827,GRB,konus
854108343,GRB,konus
853658728,GRB,konus
853511274,GRB,konus
853026544,GRB,konus
852975839,GRB,konus
851817532,GRB,konus
851733000,GRB,konus
851579455,GRB,konus
851508436,GRB,konus
850701156,GRB,konus
850485167,GRB,konus
850480426,GRB,konus
850363670,GRB,konus
850269372,GRB,konus
849551461,GRB,konus
849330831,GRB,konus
848990599,GRB,konus
848766517,GRB,konus
848699464,GRB,konus
848232290,GRB,konus
848150834,,konus
848070132,GRB,konus
847923722,GRB,konus
846934707,GRB,konus
846864462,GRB,konus
846615910,GRB,konus
846571554,GRB,konus
846310311,GRB,konus
846096114,GRB,konus
846010864,GRB,konus
845909569,GRB,konus
845551005,GRB,konus
845380382,GRB,konus
844868265,GRB,konus
844852760,GRB,konus
844289635,GRB,konus
844203186,GRB,konus
843796045,GRB,konus
843565319,GRB,konus
843368768,GRB,konus
843318231,GRB,konus
842846182,GRB,konus
842655920,GRB,konus
842554021,GRB,konus
842536650,GRB,konus
842165828,GRB,konus
842049590,GRB,konus
841680497,GRB,konus
841487375,GRB,konus
840932588,GRB,konus
840599540,GRB,konus
840103227,GRB,konus
839932139,GRB,konus
839660174,GRB,konus
839601029,GRB,konus
839447369,GRB,konus
839370589,GRB,konus
839282157,GRB,konus
839201335,GRB,konus
839097925,GRB,konus
838791961,GRB,konus
838468656,GRB,konus
838049946,GRB,konus
838019122,GRB,konus
837111651,GRB,konus
837106957,GRB,konus
836957462,GRB,konus
836870646,GRB,konus
836856577,GRB,konus
836734599,GRB,konus
836417443,GRB,konus
836320298,GRB,konus
835939224,GRB,konus
835677749,GRB,konus
835565186,GRB,konus
835492734,GRB,konus
835476506,GRB,konus
835045795,GRB,konus
834778054,GRB,konus
834608798,GRB,konus
834449302,GRB,konus
834183706,GRB,konus
833962192,GRB,konus
833716264,GRB,konus
833574298,GRB,konus
833507726,GRB,konus
833476700,GRB,konus
833408722,GRB,konus
833371663,GRB,konus
832869122,GRB,konus
832699289,GRB,konus
832479966,GRB,konus
831725123,GRB,konus
831472069,GRB,konus
831388184,GRB,konus
830940144,GRB,konus
830872295,GRB,konus
830697156,GRB,konus
830476795,GRB,konus
830191181,GRB,konus
829975244,GRB,konus
829852396,GRB,konus
829793871,GRB,konus
829791706,GRB,konus
829175048,GRB,konus
829085143,GRB,konus
828601289,GRB,konus
828251608,GRB,konus
827781892,GRB,konus
827705664,GRB,konus
827472442,GRB,konus
827442721,GRB,konus
827245592,GRB,konus
826623874,GRB,konus
826017645,GRB,konus
825574445,GRB,konus
825551360,GRB,konus
823945598,GRB,konus
823716275,GRB,konus
823582698,GRB,konus
823512899,GRB,konus
823269950,GRB,konus
823211330,GRB,konus
822968756,GRB,konus
822444988,GRB,konus
822132768,GRB,konus
822054826,GRB,konus
822044279,GRB,konus
821894171,GRB,konus
821695956,GRB,konus
821621704,GRB,konus
821547224,GRB,konus
821364924,GRB,konus
820726121,GRB,konus
820552452,GRB,konus
820388231,GRB,konus
820045405,GRB,konus
819449483,GRB,konus
819391879,GRB,konus
818907857,GRB,konus
818830649,GRB,konus
818498549,GRB,konus
818423267,GRB,konus
818400417,GRB,konus
817952788,GRB,konus
817901501,GRB,konus
817015507,GRB,konus
817008241,GRB,konus
816785657,GRB,konus
816769031,GRB,konus
816576523,GRB,konus
816305158,GRB,konus
816200895,GRB,konus
815490027,GRB,konus
815449068,GRB,konus
815291609,GRB,konus
815277485,GRB,konus
814664439,GRB,konus
814109044,GRB,konus
814072512,GRB,konus
813994232,GRB,konus
813804084,GRB,konus
813672361,GRB,konus
813641908,GRB,konus
813599497,GRB,konus
813447293,GRB,konus
813156687,GRB,konus
812866042,GRB,konus
812547507,GRB,konus
811662547,GRB,konus
811520265,GRB,konus
811105738,GRB,konus
810690273,GRB,konus
810301891,GRB,konus
810253242,GRB,konus
810225492,GRB,konus
809324663,GRB,konus
809063350,GRB,konus
808709065,GRB,konus
808012345,GRB,konus
807594254,GRB,konus
807581083,GRB,konus
807501535,GRB,konus
807539777,GRB,konus
807526961,GRB,konus
807138549,GRB,konus
806768379,GRB,konus
806446347,GRB,konus
805841967,GRB,konus
805671611,GRB,konus
805434589,GRB,konus
805341762,GRB,konus
805031535,GRB,konus
804827431,GRB,konus
804749618,GRB,konus
804580537,GRB,konus
804569562,GRB,konus
804421033,GRB,konus
804057576,GRB,konus
804053026,GRB,konus
804048089,GRB,konus
804036124,GRB,konus
802761496,GRB,konus
802749249,GRB,konus
802650997,GRB,konus
802158857,GRB,konus
802076792,GRB,konus
801463013,GRB,konus
801288502,GRB,konus
801218502,GRB,konus
801186080,GRB,konus
801140204,GRB,konus
801124698,GRB,konus
801039561,GRB,konus
801011271,GRB,konus
800519077,GRB,konus
800499288,GRB,konus
800404906,GRB,konus
800237803,GRB,konus
800092083,GRB,konus
799685939,GRB,konus
799526171,GRB,konus
798833579,GRB,konus
798768923,GRB,konus
798333677,GRB,konus
798258228,GRB,konus
798246993,GRB,konus
798003706,GRB,konus
797858482,GRB,konus
797586661,GRB,konus
797409159,GRB,konus
797333575,GRB,konus
797267722,GRB,konus
796952028,GRB,konus
796915185,GRB,konus
796769035,GRB,konus
796737047,GRB,konus
796152992,GRB,konus
796115441,GRB,konus
795637974,GRB,konus
794549133,GRB,konus
794415909,GRB,konus
794312861,GRB,konus
794188377,GRB,konus
793810151,GRB,konus
792533269,GRB,konus
792476745,GRB,konus
792469497,GRB,konus
792382824,GRB,konus
792209424,GRB,konus
792165173,GRB,konus
791858318,GRB,konus
791676060,GRB,konus
791045512,GRB,konus
790089034,GRB,konus
790068630,GRB,konus
789896737,GRB,konus
789826729,GRB,konus
789799752,GRB,konus
789745077,GRB,konus
789203919,GRB,konus
788741468,GRB,konus
788600385,GRB,konus
788308094,,konus
788074560,GRB,konus
788048075,GRB,konus
787029052,GRB,konus
786670420,GRB,konus
785946625,GRB,konus
785879809,GRB,konus
785852557,GRB,konus
785801070,GRB,konus
785438700,GRB,konus
785362997,GRB,konus
785273469,GRB,konus
785042078,GRB,konus
785005919,,konus
