Trigger Time,Det,Event,Trig
1719323945,,,
1719256791,,,
1719229564,,,
1718768608,,,
1718473906,,,
1718017497,,,
1717815899,,,
1717810322,,,
1717758074,,,
1717680787,,,
1717491743,,,
1717415542,,,
1717381657,,,
1717491743,,,
1717415542,,,
1717381657,,,
1717322589,,,
1717266756,,,
1717231531,,,
1717192864,,,
1717007264,,,
1716951104,,,
1716818640,,,
1716793063,,,
1716276732,,,
1716258636,,,
1716430432,,,
1716276732,,,
1716258636,,,
1716141317,,,
1716126165,,,
1716095223,,,
1715850326,,,
1715850326,,,
1715705199,,,
1715652317,,,
1715584927,,,
1715530733,,,
1715474538,,,
1715390084,,,
1715323341,,,
1715260809,,,
1715255654,,,
1715245454,,,
1715230015,,,
1715204401,,,
1715099332,,,
1715019660,,,
1714934279,,,
1714799569,,,
1714560216,,,
1714504889,,,
1714137845,,,
1713842017,,,
1713736112,,,
1713712283,,,
1713692573,,,
1713326586,,,
1713170450,,,
1713150650,,,
1712984447,,,
1713061861,,,
1712984447,,,
1712944357,,,
1712806500,,,
1712799902,,,
1712780609,,,
1712780609,,,
1712535006,,,
1712514634,,,
1712451592,,,
1712145471,,,
1712115259,,,
1712047668,,,
1711965570,,,
1711965570,,,
1711875928,,,
1711833175,,,
1711413328,,,
1711405762,,,
1711348998,,,
1711200218,,,
1711178365,,,
1711163723,,,
1710668639,,,
1710252127,,,
1710072514,,,
1709707548,,,
1709707548,,,
1709496307,,,
1709468327,,,
1709256245,,,
1709215633,,,
1709008812,,,
1708891927,,,
1708838373,,,
1708640728,,,
1708583351,,,
1708576792,,,
1708081021,,,
1708066254,,,
1707484129,,,
1707439178,,,
1707418904,,,
1707171186,,,
1707164786,,,
1707113997,,,
1707080169,,,
1707059273,,,
1706812416,,,
1706501834,,,
1706175303,,,
1706175303,,,
1706130873,,,
1705980313,,,
1705685345,,,
1705564091,,,
1705542508,,,
1705521151,,,
1705081041,,,
1705038081,,,
1704898415,,,
1704501287,,,
1704164404,,,
1704113843,,,
1703560370,,,
1703228997,,,
1702633639,,,
1702625615,,,
1702342607,,,
1702585463,,,
1702573082,,,
1702342607,,,
1702243747,,,
1702221906,,,
1702002585,,,
1701794638,,,
1701743110,,,
1701743110,,,
1701720004,,,
1701586887,,,
1675966079,,,
1701285016,,,
1701234357,,,
1701200565,,,
1701062064,,,
1700934443,,,
1700815091,,,
1700665964,,,
1700346856,,,
1700327789,,,
1700190198,,,
1700062583,,,
1699651177,,,
1699305541,,,
1699287951,,,
1699194684,,,
1699062459,,,
1698927722,,,
1698695899,,,
1698531955,,,
1698496297,,,
1698466145,,,
1697837750,,,
1697828224,,,
1697632243,,,
1697632243,,,
1697413775,,,
1696702462,,,
1696407817,,,
1696130601,,,
1695891970,,,
1695410888,,,
1695154127,,,
1695142703,,,
1694911478,,,
1694418787,,,
1694406353,,,
1694418787,,,
1694406353,,,
1694314803,,,
1694191276,,,
1694004907,,,
1693422074,,,
1693240139,,,
1693160297,,,
1693116512,,,
1692529506,,,
1692353574,,,
1692273786,,,
1692115654,,,
1692096595,,,
1692039321,,,
1692039321,,,
1691866692,,,
1691346706,,,
1691272879,,,
1691026029,,,
1691026029,,,
1690987869,,,
1690087125,,,
1689529125,,,
1689520043,,,
1689451592,,,
1689415655,,,
1689406202,,,
1690087125,,,
1689529125,,,
1689520043,,,
1689451592,,,
1689415655,,,
1689406202,,,
1688921771,,,
1688424789,,,
1688424789,,,
1688301530,,,
1688265152,,,
1688251473,,,
1687789827,,,
1687678137,,,
1687631195,,,
1687555355,,,
1687280757,,,
1687065977,,,
1686947878,,,
1686734103,,,
1686249281,,,
1686249281,,,
1685858032,,,
1685469299,,,
1685453866,,,
1685384353,,,
1685162036,,,
1685011564,,,
1684695124,,,
1684855431,,,
1684726481,,,
1684695124,,,
1684586070,,,
1684376302,,,
1683872866,,,
1683810516,,,
1683810516,,,
1683753695,,,
1683720402,,,
1683621306,,,
1683604277,,,
1683539132,,,
1683534225,,,
1683377118,,,
1683349705,,,
1683036195,,,
1683026273,,,
1683036195,,,
1683026273,,,
1682946472,,,
1682840840,,,
1682540949,,,
1681852289,,,
1681713161,,,
1681459252,,,
1681260537,,,
1681125967,,,
1681101079,,,
1681052459,,,
1681001291,,,
1680724684,,,
1680724684,,,
1680420756,,,
1680015288,,,
1679365452,,,
1679346745,,,
1679192089,,,
1678707527,,,
1678482032,,,
1678365138,,,
1678282349,,,
1678203845,,,
1678023630,,,
1677969180,,,
1677957575,,,
1677940553,,,
1677910853,,,
1677872884,,,
1677865763,,,
1677785736,,,
1677694164,,,
1677601906,,,
1677257781,,,
1677139751,,,
1677132792,,,
1676670786,,,
1676130301,,,
1675981961,,,
1674997479,,,
1674586193,,,
1674578899,,,
1673876900,,,
1673859549,,,
1673844881,,,
1673728857,,,
1673661624,,,
1673604764,,,
1673425934,,,
1673401988,,,
1673364849,,,
1673309661,,,
1673289973,,,
1673088652,,,
1672812197,,,
1672966514,,,
1672812197,,,
1672618928,,,
1672413962,,,
1672371257,,,
1672073071,,,
1671662374,,,
1670914626,,,
1670914626,,,
1670565024,,,
1670469059,,,
1670335465,,,
1670329366,,,
1670089249,,,
1670071979,,,
1669897484,,,
1670017318,,,
1669897484,,,
1669255224,,,
1669468054,,,
1669255224,,,
1669012491,,,
1668870176,,,
1668505579,,,
1668343799,,,
1668166768,,,
1668136548,,,
1668009968,,,
1667784175,,,
1667005531,,,
1666962989,,,
1666868468,,,
1666843772,,,
1666669630,,,
1666659498,,,
1666557692,,,
1666557692,,,
1666479357,,,
1666449703,,,
1666343936,,,
1666343936,,,
1666005283,,,
1665984589,,,
1665589352,,,
1665584270,,,
1665557239,,,
1665767321,,,
1665755652,,,
1665731549,,,
1665700890,,,
1665626566,,,
1665589352,,,
1665584270,,,
1665557239,,,
1665485446,,,
1665477642,,,
1665321421,,,
1664742064,,,
1664677182,,,
1664742064,,,
1664677182,,,
1664654588,,,
1664536312,,,
1664452504,,,
1664209014,,,
1664256980,,,
1664209014,,,
1663932740,,,
1663758361,,,
1663343448,,,
1663321663,,,
1663218826,,,
1663155639,,,
1663155639,,,
1662788910,,,
1662377330,,,
1662377330,,,
1662207375,,,
1662207375,,,
1661976467,,,
1661976467,,,
1661783870,,,
1661771180,,,
1661591742,,,
1661065536,,,
1660884897,,,
1660582439,,,
1659519551,,,
1659196137,,,
1659012089,,,
1658257786,,,
1657835134,,,
1657835134,,,
1657555917,,,
1657423774,,,
1657246020,,,
1656039512,,,
1655998436,,,
1655967847,,,
1656039512,,,
1655998436,,,
1655967847,,,
1655807365,,,
1655490669,,,
1655363515,,,
1655151816,,,
1654844686,,,
1654777273,,,
1654664628,,,
1654522519,,,
1654300133,,,
1654220483,,,
1654064366,,,
1653718370,,,
1653643041,,,
1653462616,,,
1653437454,,,
1653408298,,,
1653385987,,,
1653312246,,,
1653178658,,,
1653145409,,,
1653032625,,,
1652960739,,,
1652531097,,,
1652276519,,,
1652331833,,,
1652276519,,,
1652190907,,,
1651935968,,,
1651918148,,,
1651623350,,,
1651326162,,,
1651312456,,,
1651296510,,,
1651093245,,,
1650955789,,,
1650723247,,,
1650633819,,,
1650575023,,,
1650529072,,,
1650506026,,,
1650426870,,,
1650297117,,,
1650234740,,,
1649783206,,,
1649661605,,,
1649402885,,,
1649204860,,,
1648980829,,,
1648808293,,,
1648751284,,,
1648661466,,,
1647751196,,,
1647429940,,,
1647429940,,,
1646880909,,,
1646872102,,,
1646718185,,,
1646480051,,,
1646371737,,,
1646371737,,,
1645496476,,,
1645269694,,,
1645262845,,,
1645161967,,,
1644541670,,,
1643922934,,,
1643514859,,,
1643339896,,,
1643309601,,,
1642968394,,,
1642995459,,,
1642730864,,,
1642730864,,,
1642672275,,,
1642658137,,,
1642342174,,,
1642275449,,,
1642267315,,,
1642235152,,,
1642190208,,,
1642176519,,,
1642152022,,,
1642112750,,,
1642078378,,,
1642061375,,,
1641976761,,,
1641928916,,,
1641920751,,,
1641643115,,,
1641582094,,,
1641566742,,,
1641013895,,,
1640934030,,,
1640496339,,,
1640437982,,,
1640269765,,,
1640227274,,,
1640317350,,,
1640269765,,,
1640227274,,,
1639950585,,,
1639925724,,,
1639637154,,,
1639590691,,,
1638871155,,,
1638820273,,,
1638803419,,,
1638653823,,,
1638618608,,,
1638285392,,,
1637507889,,,
1637413791,,,
1636963048,,,
1637071429,,,
1636963048,,,
1636306036,,,
1636173452,,,
1636086908,,,
1635951213,,,
1635861480,,,
1635840396,,,
1635434846,,,
1635216339,,,
1635216339,,,
1635172123,,,
1634994399,,,
1634863645,,,
1634863645,,,
1634623173,,,
1634596099,,,
1633708668,,,
1633057856,,,
1632794434,,,
1632786965,,,
1632532810,,,
1632363088,,,
1632341539,,,
1631852057,,,
1631461304,,,
1631433704,,,
1631429477,,,
1631379674,,,
1631372806,,,
1631234750,,,
1631217756,,,
1631184197,,,
1630231319,,,
1630059023,,,
1629961311,,,
1629880166,,,
1629623902,,,
1629613969,,,
1629531630,,,
1629417915,,,
1629248529,,,
1628994234,,,
1628820910,,,
1628786819,,,
1628376931,,,
1628122139,,,
1627991745,,,
1627934886,,,
1627826251,,,
1627621045,,,
1627379447,,,
1627379447,,,
1627175315,,,
1627051564,,,
1626381995,,,
1626381995,,,
1626249398,,,
1626019582,,,
1625948768,,,
1625618015,,,
1625591693,,,
1625578893,,,
1625559475,,,
1625427200,,,
1625415919,,,
1625322400,,,
1625252826,,,
1624822297,,,
1624496300,,,
1624349370,,,
1624147168,,,
1624106739,,,
1623934374,,,
1623354688,,,
1623101960,,,
1623019265,,,
1622947986,,,
1622869739,,,
1622635439,,,
1622210623,,,
1621832410,,,
1621721500,,,
1621343051,,,
1621090605,,,
1621016625,,,
1620991497,,,
1620747179,,,
1620732401,,,
1620568457,,,
1619939116,,,
1619868718,,,
1619660591,,,
1619499435,,,
1619251316,,,
1618602418,,,
1618111901,,,
1618015996,,,
1618003706,,,
1617749164,,,
1617624686,,,
1616616000,,,
1616536934,,,
1616036909,,,
1615972119,,,
1615185479,,,
1615096604,,,
1615064826,,,
1615016471,,,
1615002840,,,
1614970978,,,
1614544088,,,
1614494314,,,
1614475371,,,
1613241738,,,
1613199152,,,
1612976883,,,
1612734768,,,
1612420370,,,
1612296631,,,
1612270462,,,
1612028450,,,
1611916535,,,
1611903596,,,
1611730216,,,
1611494624,,,
1611386340,,,
1611254506,,,
1610776411,,,
1610415486,,,
1609770664,,,
1609759624,,,
1609512811,,,
1609506760,,,
1609255254,,,
1609140297,,,
1609082046,,,
1608625963,,,
1608264853,,,
1608129994,,,
1607977632,,,
1607492693,,,
1607492693,,,
1607407417,,,
1607080698,,,
1606033923,,,
1605487788,,,
1604889065,,,
1604554265,,,
1604511178,,,
1604448056,,,
1604426807,,,
1603215237,,,
1603071605,,,
1602612418,,,
1602560789,,,
1602212895,,,
1602039529,,,
1602039529,,,
1600930136,,,
1600631814,,,
1600270889,,,
1600087713,,,
1599919715,,,
1599624088,,,
1599488659,,,
1599100467,,,
1598709509,,,
1598479779,,,
1598416195,,,
1597953642,,,
1597644228,,,
1597525368,,,
1597233328,,,
1597158643,,,
1596987689,,,
1596727729,,,
1596634270,,,
1596562721,,,
1596425673,,,
1596368814,,,
1596296146,,,
1596289226,,,
1595384150,,,
1594884874,,,
1594862794,,,
1594751708,,,
1594714525,,,
1594465480,,,
1593854858,,,
1593434997,,,
1592935372,,,
1592791910,,,
1592534167,,,
1592026205,,,
1591693615,,,
1591693615,,,
1591567593,,,
1591381058,,,
1590799453,,,
1590749124,,,
1590661675,,,
1590505488,,,
1590328373,,,
1590296643,,,
1590063401,,,
1589887248,,,
1589822689,,,
1589609346,,,
1589147477,,,
1589091122,,,
1588866812,,,
1588758245,,,
1588482108,,,
1588427193,,,
1588328741,,,
1588311233,,,
1588307199,,,
1588193247,,,
1588084464,,,
1588024762,,,
1588016624,,,
1588012296,,,
1587986496,,,
1587730030,,,
1587545596,,,
1587540137,,,
1587140900,,,
1586940481,,,
1586797597,,,
1586682524,,,
1586674634,,,
1586511832,,,
1586313903,,,
1585993779,,,
1585949417,,,
1585474387,,,
1585342609,,,
1585257229,,,
1585217256,,,
1585148005,,,
1585106308,,,
1584989196,,,
1584698212,,,
1584405631,,,
1584097035,,,
1584063698,,,
1583939774,,,
1583202868,,,
1583048442,2,GRB,4861
1582873110,1,GRB,4860
1582788016,1,GRB,4859
1582520967,1,GRB,4858
1582257183,2,GRB,4857
1582156629,2,GRB,4856
1582106051,2,GRB,4855
1582097805,1,GRB,4854
1581405986,2,GRB,4853
1581399014,1,GRB,4852
1581321825,1,GRB,4851
1581038575,1,GRB,4850
1580566573,2,GRB,4849
1580510473,2,GRB,4848
1580378399,1,GRB,4847
1579985011,2,GRB,4846
1579657266,2,GRB,4845
1579561496,1,GRB,4844
1579466953,2,GRB,4843
1579123368,2,GRB,4842
1578973248,2,GRB,4841
1578832594,2,GRB,4840
1578755477,2,GRB,4839
1577911167,1,GRB,4838
1577467300,1,GRB,4837
1577410770,1,GRB,4836
1576960749,1,GRB,4835
1576850916,1,GRB,4834
1576636958,1,GRB,4833
1575319730,2,GRB,4832
1575212080,2,GRB,4831
1574997754,2,GRB,4830
1574657799,2,GRB,4829
1574160069,2,GRB,4828
1574115125,1,GRB,4827
1573477635,1,GRB,4826
1572697108,1,GRB,4823
1572557011,2,GRB,4822
1572547439,1,GRB,4821
1572507536,2,GRB,4820
1572495792,2,GRB,4819
1572189543,2,GRB,4818
1572084928,1,GRB,4817
1572028931,2,GRB,4816
1571843235,2,GRB,4815
1571527039,1,GRB,4814
1571479934,1,GRB,4813
1571304219,2,GRB,4812
1570777155,2,GRB,4811
1570224826,1,GRB,4810
1570212426,1,GRB,4809
1569912130,2,GRB,4808
1569791629,1,GRB,4807
1569676336,2,GRB,4806
1569551630,2,GRB,4805
1568917244,1,GRB,4804
1567794309,1,GRB,4803
1567731893,2,GRB,4802
1567531177,1,GRB,4801
1567372914,2,GRB,4800
1567003466,1,GRB,4798
1566767096,2,GRB,4797
1566657997,1,GRB,4796
1566567009,1,GRB,4795
1565746146,1,GRB,4794
1565453518,1,GRB,4793
1565287397,2,GRB,4792
1564980359,2,GRB,4791
1564881805,1,GRB,4790
1564612704,1,GRB,4789
1564258672,1,GRB,4788
1564243317,2,GRB,4787
1564154700,2,GRB,4786
1563664118,1,GRB,4785
1563633727,2,GRB,4784
1563548315,2,GRB,4783
1562957531,2,GRB,4782
1562482210,1,GRB,4781
1562432590,2,GRB,4780
1562420548,2,GRB,4779
1562220755,1,GRB,4778
1561975503,2,GRB,4777
1560953800,2,GRB,4776
1560609745,1,GRB,4775
1560422825,2,GRB,4774
1560293265,2,GRB,4773
1560189605,2,GRB,4772
1560166063,1,GRB,4771
1559786103,1,GRB,4770
1559644957,2,GRB,4769
1559333416,1,GRB,4768
1559211546,2,GRB,4767
1558497227,1,GRB,4766
1558250732,1,GRB,4765
1558121412,2,GRB,4764
1557558867,1,GRB,4763
1557483556,1,GRB,4762
1557119313,2,GRB,4761
1556688201,2,GRB,4760
1556448033,1,GRB,4759
1556339654,2,GRB,4758
1555667742,1,GRB,4757
1555579741,2,GRB,4756
1555301386,1,GRB,4755
1554990837,2,GRB,4754
1554975946,1,GRB,4753
1554663286,2,GRB,4752
1554411995,1,GRB,4751
1554086124,1,GRB,4750
1553963973,1,GRB,4749
1553840505,2,GRB,4748
1553585517,2,GRB,4747
1553558338,2,GRB,4746
1553467458,1,GRB,4745
1553415682,1,GRB,4744
1553375121,1,GRB,4743
1553206877,1,GRB,4742
1552984102,1,GRB,4741
1552652277,1,GRB,4740
1552210397,2,GRB,4739
1551929884,1,GRB,4738
1551791115,1,GRB,4737
1551728241,1,GRB,4736
1550981158,2,GRB,4735
1550476471,2,GRB,4734
1550255479,2,GRB,4733
1549971209,1,GRB,4732
1549424963,1,GRB,4731
1549259155,2,GRB,4730
1549208630,2,GRB,4729
1549071574,1,GRB,4728
1549045008,1,GRB,4727
1548764134,1,GRB,4726
1548479681,2,GRB,4725
1548176223,2,GRB,4724
1548141547,2,GRB,4723
1547850591,2,GRB,4722
1547735811,1,GRB,4721
1547519223,2,GRB,4720
1547499422,1,GRB,4719
1547141089,1,GRB,4718
1546807627,2,GRB,4717
1546781687,2,GRB,4716
1546549432,2,GRB,4715
1546533713,2,GRB,4714
1546443617,2,GRB,4713
1546219488,1,GRB,4712
1545965601,2,GRB,4711
1545891419,1,GRB,4710
1545509494,2,GRB,4709
1545460890,1,GRB,4708
1544841520,1,GRB,4707
1544632662,2,GRB,4706
1543862796,1,GRB,4705
1543631992,2,GRB,4704
1542951181,2,GRB,4703
1542833019,1,GRB,4702
1542694883,1,GRB,4701
1542637940,2,GRB,4700
1542470122,2,GRB,4699
1542368269,1,GRB,4698
1542031128,2,GRB,4697
1541590525,1,GRB,4696
1540735784,1,GRB,4695
1540558623,1,GRB,4694
1540062037,1,GRB,4693
1539809655,2,GRB,4692
1539516615,2,GRB,4691
1539228979,1,GRB,4690
1539032672,1,GRB,4689
1538980096,2,GRB,4688
1538333323,1,GRB,4687
1537886250,1,GRB,4686
1537741235,2,GRB,4685
1536949382,2,GRB,4684
1536928319,1,GRB,4683
1536734055,1,GRB,4682
1536540395,2,GRB,4681
1536257547,1,GRB,4680
1535482650,2,GRB,4679
1535246429,1,GRB,4678
1535105119,2,GRB,4677
1534944514,1,GRB,4676
1534768100,1,GRB,4675
1534385254,1,GRB,4674
1534129249,1,GRB,4673
1533846530,2,GRB,4672
1533811716,2,GRB,4671
1533595144,2,GRB,4670
1533421238,1,GRB,4669
1533388668,1,GRB,4668
1533340478,2,GRB,4667
1533072217,2,GRB,4666
1532812197,2,GRB,4665
1532798954,1,GRB,4664
1532460157,1,GRB,4663
1532369391,1,GRB,4662
1532303358,2,GRB,4661
1532096505,2,GRB,4660
1532063157,1,GRB,4659
1531937907,1,GRB,4658
1531769240,1,GRB,4657
1531676837,2,GRB,4656
1531328522,2,GRB,4655
1531102930,1,GRB,4654
1530707788,1,GRB,4653
1530682582,2,GRB,4652
1530658008,1,GRB,4651
1530651705,1,GRB,4650
1530005032,2,GRB,4649
1529977642,2,GRB,4648
1529785356,2,GRB,4647
1529772141,1,GRB,4646
1529509839,1,GRB,4645
1529483706,2,GRB,4644
1529361626,2,GRB,4643
1529342649,2,GRB,4642
1529282591,2,GRB,4641
1529060754,2,GRB,4640
1528829407,1,GRB,4639
1528687741,1,GRB,4638
1528196364,1,GRB,4637
1528042986,1,GRB,4636
1528004386,1,GRB,4635
1527679951,1,GRB,4634
1527582554,1,GRB,4633
1527332616,1,GRB,4632
1527005796,2,GRB,4630
1526412746,2,GRB,4629
1525980281,1,GRB,4628
1525525045,1,GRB,4627
1525403759,2,GRB,4626
1524882436,2,GRB,4625
1524825422,2,GRB,4624
1524748262,2,GRB,4623
1523931081,1,GRB,4622
1523916610,2,GRB,4621
1523866169,1,GRB,4620
1523449662,2,GRB,4619
1523435936,2,GRB,4618
1523261904,2,GRB,4617
1522878131,1,GRB,4616
1522807898,1,GRB,4615
1522662300,2,GRB,4614
1522613862,1,GRB,4613
1522444997,2,GRB,4612
1522034767,2,GRB,4611
1521942866,2,GRB,4610
1521866229,2,GRB,4609
1521415202,2,GRB,4608
1521306087,2,GRB,4607
1521176245,2,GRB,4606
1520988201,1,GRB,4605
1520241967,2,GRB,4604
1520233403,2,GRB,4603
1519366171,2,GRB,4602
1519334599,1,GRB,4601
1519216200,2,GRB,4600
1519040081,2,GRB,4599
1518966845,2,GRB,4598
1518306398,1,GRB,4597
1518283745,1,GRB,4596
1518265478,2,GRB,4595
1517711772,2,GRB,4594
1517547869,1,GRB,4593
1517274746,2,GRB,4592
1517119405,1,GRB,4591
1516932990,2,GRB,4590
1516915351,1,GRB,4589
1516424298,2,GRB,4588
1516392289,1,GRB,4587
1515837729,1,GRB,4586
1515811627,2,GRB,4585
1515802558,2,GRB,4584
1515774551,2,GRB,4583
1515688930,2,GRB,4582
1514941722,1,GRB,4581
1514674538,1,GRB,4580
1514596188,2,GRB,4579
1514541568,2,GRB,4578
1514332809,1,GRB,4577
1514057897,1,GRB,4576
1513434348,2,GRB,4575
1513119221,2,GRB,4574
1512906556,2,GRB,4573
1512851278,2,GRB,4572
1512239619,1,GRB,4571
1512182551,2,GRB,4570
1511984472,2,GRB,4569
1511674722,2,GRB,4568
1511501885,2,GRB,4567
1511184000,2,GRB,4566
1511171217,1,GRB,4565
1511135305,1,GRB,4564
1510921299,1,GRB,4563
1510519819,1,GRB,4562
1510155886,2,GRB,4561
1510150856,2,GRB,4560
1509969410,2,GRB,4559
1509750629,2,GRB,4558
1509590047,2,GRB,4557
1509533392,2,GRB,4556
1508706856,2,GRB,4555
1508344181,2,GRB,4554
1507746764,2,GRB,4553
1507683931,1,GRB,4552
1507662060,1,GRB,4551
1507133239,1,GRB,4550
1506413439,2,GRB,4549
1505966528,1,GRB,4548
1505447489,1,GRB,4547
1504976852,1,GRB,4546
1504682780,2,GRB,4536
1504658607,1,GRB,4535
1504518362,1,GRB,4531
1504267198,1,GRB,4530
1504153112,2,GRB,4529
1504079510,2,GRB,4528
1504023007,2,GRB,4527
1503988176,2,GRB,4526
1503862686,1,GRB,4525
1503776342,1,GRB,4524
1503737468,2,GRB,4523
1503662414,2,GRB,4522
1503645726,1,GRB,4521
1503444200,2,GRB,4520
1503393111,2,GRB,4519
1503227526,2,GRB,4518
1503006454,2,GRB,4517
1502893389,2,GRB,4516
1502322387,2,GRB,4515
1502231259,1,GRB,4514
1502156053,2,GRB,4513
1501942727,2,GRB,4512
1501797635,2,GRB,4511
1501781422,1,GRB,4510
1501736837,1,GRB,4509
1501687108,2,GRB,4508
1501282998,2,GRB,4507
1501095785,2,GRB,4506
1501040794,1,GRB,4505
1499829626,2,GRB,4503
1499713970,2,GRB,4502
1499546220,2,GRB,4501
1499475974,2,GRB,4500
1499222756,2,GRB,4499
1499071443,2,GRB,4497
1499038899,2,GRB,4496
1499023630,1,GRB,4495
1498581244,2,GRB,4494
1498469840,2,GRB,4493
1498438682,2,GRB,4492
1497785093,2,GRB,4491
1497629191,1,GRB,4490
1497440395,2,GRB,4489
1497112305,2,GRB,4488
1496875325,1,GRB,4487
1496790856,2,GRB,4486
1496586483,2,GRB,4485
1496305459,2,GRB,4484
1496041541,1,GRB,4483
1495884666,1,GRB,4482
1495622438,1,GRB,4481
1495495324,1,GRB,4480
1495467935,2,GRB,4479
1494759358,1,GRB,4478
1494735522,1,GRB,4477
1494482370,2,GRB,4476
1494393150,1,GRB,4475
1493921171,1,GRB,4474
1493370818,2,GRB,4473
1493360893,2,GRB,4472
1493028769,1,GRB,4471
1492980928,2,GRB,4470
1492967709,2,GRB,4469
1492848849,2,GRB,4468
1492351200,1,GRB,4467
1492094205,1,GRB,4466
1492040583,2,GRB,4465
1492034483,2,GRB,4464
1491705741,1,GRB,4463
1491417581,1,GRB,4462
1491238655,2,GRB,4460
1491227958,2,GRB,4459
1490912850,2,GRB,4454
1490779023,2,GRB,4453
1490478600,1,GRB,4452
1489981359,2,GRB,4451
1489766364,1,GRB,4450
1489683751,2,GRB,4449
1489239904,2,GRB,4448
1489062399,2,GRB,4447
1488950289,1,GRB,4446
1488809250,2,GRB,4445
1488694143,1,GRB,4444
1488606049,1,GRB,4443
1488308584,2,GRB,4442
1487739656,2,GRB,4441
1487616478,1,GRB,4440
1487462586,2,GRB,4439
1487086476,2,GRB,4438
1486694892,1,GRB,4437
1486602520,1,GRB,4436
1486593222,1,GRB,4435
1486577479,1,GRB,4434
1486559795,2,GRB,4433
1486503901,2,GRB,4432
1486378321,2,GRB,4431
1486298349,2,GRB,4430
1486019994,1,GRB,4429
1485904514,2,GRB,4428
1485480944,1,GRB,4427
1485430240,1,GRB,4426
1485291486,1,GRB,4425
1485236532,2,GRB,4424
1485009865,1,GRB,4423
1484962612,1,GRB,4422
1484502555,1,GRB,4421
1484431266,1,GRB,4420
1484423956,1,GRB,4419
1483967357,1,GRB,4418
1483931862,1,GRB,4417
1483596850,2,GRB,4416
1483325499,1,GRB,4415
1483237557,2,GRB,4414
1483045437,1,GRB,4413
1482244300,1,GRB,4412
1482049961,1,GRB,4411
1482038366,1,GRB,4410
1482032851,2,GRB,4409
1481946795,1,GRB,4408
1480987950,1,GRB,4407
1480790466,1,GRB,4406
1480720308,2,GRB,4405
1480689132,1,GRB,4404
1480403527,2,GRB,4403
1480214991,1,GRB,4402
1479346538,1,GRB,4401
1478672323,2,GRB,4400
1478433472,2,GRB,4399
1478340078,1,GRB,4398
1478126151,1,GRB,4397
1477662433,1,GRB,4396
1477262352,1,GRB,4395
1476987197,1,GRB,4394
1476734923,1,GRB,4393
1476550986,2,GRB,4392
1476448288,2,GRB,4391
1476315911,1,GRB,4390
1476162824,1,GRB,4389
1476106593,1,GRB,4388
1475622474,1,GRB,4387
1475283919,1,GRB,4386
1475092081,2,GRB,4385
1474109769,2,GRB,4384
1473979869,1,GRB,4383
1473683468,2,GRB,4382
1473668662,1,GRB,4381
1473602875,2,GRB,4380
1473527979,2,GRB,4379
1473311821,1,GRB,4378
1473074335,1,GRB,4377
1472480320,2,GRB,4376
1472048473,2,GRB,4375
1471882061,2,GRB,4374
1471811779,2,GRB,4373
1471694055,2,GRB,4372
1471638480,1,GRB,4371
1471368661,2,GRB,4370
1470492060,2,GRB,4369
1470118409,2,GRB,4368
1469496845,1,GRB,4367
1469356803,2,GRB,4366
1469128858,2,GRB,4364
1469039114,2,GRB,4360
1468783916,2,GRB,4359
1468353221,2,GRB,4358
1468093745,1,GRB,4357
1467740419,2,GRB,4356
1467547807,2,GRB,4355
1467462144,2,GRB,4354
1467238785,2,GRB,4353
1467149547,2,GRB,4352
1467122021,2,GRB,4351
1466657977,2,GRB,4344
1466399180,2,GRB,4342
1466267629,2,GRB,4341
1465762367,1,GRB,4339
1465298036,2,GRB,4338
1465157967,1,GRB,4337
1464624073,2,GRB,4336
1464591826,1,GRB,4335
1464444836,1,GRB,4334
1464432074,2,GRB,4333
1464173668,2,GRB,4332
1463822037,2,GRB,4331
1463779816,1,GRB,4330
1463532961,2,GRB,4326
1463377307,1,GRB,4325
1462567757,1,GRB,4322
1462784326,2,GRB,4324
1462717958,2,GRB,4323
1462567757,1,GRB,4322
1461752985,1,GRB,4320
1461612313,2,GRB,4319
1461516076,2,GRB,4318
1461498546,1,GRB,4317
1461326339,1,GRB,4316
1461208651,2,GRB,4315
1461078992,1,GRB,4314
1461002922,1,GRB,4313
1460264992,1,GRB,4311
1460181254,2,GRB,4310
1460096744,2,GRB,4309
1460045311,2,GRB,4308
1459944277,2,GRB,4307
1459488969,1,GRB,4305
1459474442,1,GRB,4304
1458889162,1,GRB,4303
1458835112,1,GRB,4302
1458135929,2,GRB,4301
1457812464,1,GRB,4300
1457627210,2,GRB,4299
1457569391,1,GRB,4298
1457036518,1,GRB,4297
1456980598,2,GRB,4296
1456603028,1,GRB,4295
1456428316,1,GRB,4294
1456243478,1,GRB,4293
1455966659,2,GRB,4292
1455864973,1,GRB,4291
1455649830,1,GRB,4290
1455561377,1,GRB,4289
1455441447,1,GRB,4288
1455364637,1,GRB,4287
1454986162,1,GRB,4286
1454564396,1,GRB,4285
1454228444,1,GRB,4283
1453985977,2,GRB,4282
1453080343,2,GRB,4281
1452677579,2,GRB,4280
1452496926,2,GRB,4279
1452205240,2,GRB,4278
1452120337,2,GRB,4277
1451842744,1,GRB,4276
1451609031,1,GRB,4275
1451569091,2,GRB,4274
1451558267,1,GRB,4273
1451424256,1,GRB,4272
1451247117,2,GRB,4271
1451193227,2,GRB,4270
1451180649,2,GRB,4269
1451070546,2,GRB,4268
1450771815,2,GRB,4267
1450532184,2,GRB,4266
1450516276,2,GRB,4265
1449883925,2,GRB,4264
1449063229,1,GRB,4263
1448510583,2,GRB,4262
1448088987,1,GRB,4261
1448007771,1,GRB,4260
1447852689,2,GRB,4259
1447756624,1,GRB,4258
1447724223,2,GRB,4257
1446927898,2,GRB,4255
1446249508,2,GRB,4253
1446088262,,,
1446038514,1,GRB,4251
1445918304,2,GRB,4250
1445521862,2,GRB,4249
1445453968,1,GRB,4248
1445390936,1,GRB,4247
1445241928,2,GRB,4246
1444892132,1,GRB,4245
1444125297,2,GRB,4244
1443041065,1,GRB,4237
1442900250,2,GRB,4236
1442695395,2,GRB,4233
1442673202,2,GRB,4232
1442577472,1,GRB,4231
1442116323,1,GRB,4230
1441980371,1,GRB,4229
1441759312,2,GRB,4228
1441528940,1,GRB,4227
1441215340,1,GRB,4226
1441017249,1,GRB,4225
1440592230,2,GRB,4224
1440381210,1,GRB,4222
1440336714,1,GRB,4221
1440150274,1,GRB,4218
1439980400,2,GRB,4217
1439791252,1,GRB,4216
1439777124,2,GRB,4215
1439722968,1,GRB,4214
1439324529,1,GRB,4213
1439206691,2,GRB,4212
1438584941,2,GRB,4211
1438484581,1,GRB,4210
1438389500,2,GRB,4209
1438172669,2,GRB,4208
1438021967,2,GRB,4207
1437813854,2,GRB,4206
1437763574,2,GRB,4205
1437457753,2,GRB,4204
1437234302,1,GRB,4203
1436515533,1,GRB,4202
1436488081,2,GRB,4201
1435881398,1,GRB,4200
1435641644,1,GRB,4199
1435379006,1,GRB,4198
1435143692,1,GRB,4196
1434965198,2,GRB,4193
1434696791,2,GRB,4191
1434127904,2,GRB,4188
1433798386,2,GRB,4187
1433763925,1,GRB,4186
1433663709,2,GRB,4185
1433572570,1,GRB,4184
1433413480,1,GRB,4183
1433275763,1,GRB,4182
1432986136,2,GRB,4181
1432827853,1,GRB,4180
1432373389,1,GRB,4179
1431628505,1,GRB,4178
1431435409,2,GRB,4177
1431426248,2,GRB,4175
1431227988,1,GRB,4174
1431002495,2,GRB,4171
1430959078,1,GRB,4170
1430924823,2,GRB,4169
1430904834,2,GRB,4167
1430689742,2,GRB,4164
1430353271,1,GRB,4163
1430161618,2,GRB,4162
1430057741,1,GRB,4161
1429861381,1,GRB,4160
1429721560,2,GRB,4159
1429340307,1,GRB,4158
1429209216,2,GRB,4157
1428822960,1,GRB,4155
1428098052,1,GRB,4153
1427745138,2,GRB,4152
1427729711,2,GRB,4151
1427524924,1,GRB,4150
1427300689,2,GRB,4149
1427188325,2,GRB,4148
1427182754,2,GRB,4147
1427169377,1,GRB,4146
1427102921,2,GRB,4145
1427079082,2,GRB,4144
1426988107,1,GRB,4143
1426963608,2,GRB,4142
1426746586,2,GRB,4141
1426308891,2,GRB,4137
1425941992,2,GRB,4130
1425685777,1,GRB,4126
1425315926,2,GRB,4125
1425166359,1,GRB,4123
1425154581,1,GRB,4122
1425118377,2,GRB,4121
1425002640,2,GRB,4120
1424857400,2,GRB,4119
1424602144,1,GRB,4118
1424442104,1,GRB,4117
1424014481,2,GRB,4116
1423785710,1,GRB,4115
1423655528,2,GRB,4114
1423607187,1,GRB,4113
1423233080,1,GRB,4112
1422921554,2,GRB,4110
1422798411,1,GRB,4109
1422367711,1,GRB,4108
1422351160,2,GRB,4107
1422305503,1,GRB,4106
1421967751,1,GRB,4105
1421619275,1,GRB,4104
1421574502,1,GRB,4103
1420438248,1,GRB,4102
1419909865,1,GRB,4100
1419853742,1,GRB,4099
1419266075,2,GRB,4098
1419232135,1,GRB,4097
1419197515,1,GRB,4096
1419149229,2,GRB,4095
1419055371,2,GRB,4094
1418649973,1,GRB,4091
1418454732,2,GRB,4088
1418390630,2,GRB,4087
1417979481,1,GRB,4086
1417803506,2,GRB,4085
1417519026,2,GRB,4084
1416886382,1,GRB,4082
1416565854,1,GRB,4081
1416481260,1,GRB,4080
1416433785,,,
1416132463,2,GRB,4077
1415566896,1,GRB,4073
1413495081,1,GRB,4048
1413025967,1,GRB,4046
1413009977,2,GRB,4045
1412485987,2,GRB,4044
1412106107,2,GRB,4043
1411900193,1,GRB,4042
1411658796,1,GRB,4041
1411333674,1,GRB,4039
1410956226,2,GRB,4037
1410341184,1,GRB,4034
1410047472,2,GRB,4033
1409998692,2,GRB,4032
1409475552,2,GRB,4031
1409453278,2,GRB,4030
1409163481,2,GRB,4029
1408949725,1,GRB,4028
1408890872,2,GRB,4027
1408698682,1,GRB,4025
1408665374,2,GRB,4024
1408339880,2,GRB,4023
1407696371,2,GRB,4021
1407459239,2,GRB,4020
1407412769,2,GRB,4019
1406919594,2,GRB,4018
1406594213,2,GRB,4016
1406079390,2,GRB,4015
1405929809,1,GRB,4014
1405506476,1,GRB,4013
1405319266,2,GRB,4012
1404954184,1,GRB,4011
1404244784,1,GRB,4009
1403813650,2,GRB,4008
1403380207,2,GRB,4007
1403292220,1,GRB,4006
1403274300,1,GRB,4005
1403217966,1,GRB,4004
1403125983,1,GRB,4003
1402458664,1,GRB,3998
1402405760,1,GRB,3997
1402247232,2,GRB,3994
1402216670,2,GRB,3993
1402024310,2,GRB,3992
1401958971,1,GRB,3991
1401857415,1,GRB,3990
1401375890,1,GRB,3989
1401355686,1,GRB,3988
1401307525,1,GRB,3987
1400814357,2,GRB,3986
1400693657,2,GRB,3985
1400264462,2,GRB,3984
1399923110,2,GRB,3983
1399518238,2,GRB,3981
1399410459,1,GRB,3980
1398945308,2,GRB,3979
1398908710,2,GRB,3978
1398877887,1,GRB,3977
1398721475,2,GRB,3976
1398574235,1,GRB,3975
1398065589,1,GRB,3973
1397989658,2,GRB,3972
1397880411,2,GRB,3971
1397611596,2,GRB,3970
1397514338,1,GRB,3969
1396153194,1,GRB,3968
1396076681,1,GRB,3966
1395570192,1,GRB,3964
1395346898,2,GRB,3963
1394581736,2,GRB,3961
1394549356,2,GRB,3960
1394298158,2,GRB,3959
1394250564,1,GRB,3958
1394076581,2,GRB,3956
1393995793,2,GRB,3955
1393887072,2,GRB,3954
1392945098,1,GRB,3951
1392839162,1,GRB,3950
1392795540,2,GRB,3949
1392468818,2,GRB,3947
1392437231,2,GRB,3946
1392319293,1,GRB,3944
1392220165,,,
1391931060,2,GRB,3942
1391764033,1,GRB,3939
1391668569,2,GRB,3937
1391618799,1,GRB,3936
1388697456,2,GRB,3920
1388465132,1,GRB,3918
1388299170,1,GRB,3917
1388287604,1,GRB,3916
1388036858,1,GRB,3915
1387254205,2,GRB,3911
1387158993,1,GRB,3910
1387091330,2,GRB,3909
1387040153,2,GRB,3908
1386704381,1,GRB,3907
1386594480,1,GRB,3906
1386454475,1,GRB,3905
1386098801,1,GRB,3904
1385561539,2,GRB,3903
1385438048,2,GRB,3902
1385397172,2,GRB,3901
1385120706,2,GRB,3900
1384815538,1,GRB,3898
1384342568,1,GRB,3895
1383943312,2,GRB,3891
1383870892,2,GRB,3889
1383617127,1,GRB,3882
1383310426,2,GRB,3879
1383219219,1,GRB,3878
1383166577,1,GRB,3877
1383088850,2,GRB,3876
1382924946,2,GRB,3870
1381727341,1,GRB,3859
1381529808,2,GRB,3858
1380135735,2,GRB,3857
1379596579,1,GRB,3856
1379024233,1,GRB,3855
1378974902,1,GRB,3854
1378820301,1,GRB,3853
1378589955,2,GRB,3852
1377954262,2,GRB,3851
1377792481,2,GRB,3850
1377717830,2,GRB,3849
1377674497,2,GRB,3848
1377101458,2,GRB,3847
1376865275,2,GRB,3845
1376857164,2,GRB,3844
1376749429,2,GRB,3842
1376581881,1,GRB,3841
1376561203,2,GRB,3840
1376458483,2,GRB,3839
1376304916,1,GRB,3838
1375935836,2,GRB,3837
1375576397,1,GRB,3836
1375524173,2,GRB,3835
1374943524,1,GRB,3834
1374755921,2,GRB,3833
1374481201,2,GRB,3832
1374344616,1,GRB,3831
1374328797,2,GRB,3830
1373924682,1,GRB,3829
1373765943,1,GRB,3828
1373256392,1,GRB,3827
1372944364,1,GRB,3823
1372702532,1,GRB,3820
1372652262,2,GRB,3819
1372642025,1,GRB,3818
1372573878,2,GRB,3817
1372451884,2,GRB,3816
1372423441,1,GRB,3815
1372356804,2,GRB,3814
1372338175,2,GRB,3813
1372013890,2,GRB,3811
1371254171,1,GRB,3810
1371034638,2,GRB,3809
1370899279,1,GRB,3808
1370813916,1,GRB,3807
1370519740,1,GRB,3805
1370504132,2,GRB,3804
1370475703,1,GRB,3803
1370306903,1,GRB,3802
1370274556,2,GRB,3801
1369759285,2,GRB,3800
1369664488,2,GRB,3799
1369171473,2,GRB,3797
1368885297,2,GRB,3796
1368580880,1,GRB,3795
1368064340,1,GRB,3791
1367794516,1,GRB,3790
1367742147,1,GRB,3789
1367710144,1,GRB,3788
1367652719,2,GRB,3787
1367481072,2,GRB,3785
1367424026,2,GRB,3783
1367367227,2,GRB,3782
1367194085,2,GRB,3781
1367048829,2,GRB,3780
1366876280,1,GRB,3779
1366665363,2,GRB,3777
1366452491,1,GRB,3773
1366136929,1,GRB,3772
1365548515,2,GRB,3770
1365457901,1,GRB,3769
1365231306,1,GRB,3768
1365106207,1,GRB,3767
1364736950,2,GRB,3766
1364372647,1,GRB,3765
1364328539,2,GRB,3764
1364187116,1,GRB,3763
1363785851,1,GRB,3762
1363763324,1,GRB,3761
1363336128,1,GRB,3760
1362946188,1,GRB,3759
1362625308,2,GRB,3758
1362613669,2,GRB,3757
1362483553,2,GRB,3756
1362390593,2,GRB,3755
1362373133,2,GRB,3754
1362027957,1,GRB,3753
1362019276,2,GRB,3752
1361401727,2,GRB,3751
1361298950,2,GRB,3749
1361052924,2,GRB,3747
1361041092,1,GRB,3746
1360942470,2,GRB,3745
1360490225,1,GRB,3744
1360451019,1,GRB,3743
1360150415,2,GRB,3742
1359921771,1,GRB,3741
1358814469,2,GRB,3740
1358798519,1,GRB,3739
1357979267,1,GRB,3736
1357964881,1,GRB,3735
1357869271,2,GRB,3733
1357707389,2,GRB,3732
1357319896,2,GRB,3731
1356598320,1,GRB,3730
1356429666,1,GRB,3729
1356246685,2,GRB,3728
1355070619,2,GRB,3727
1354079153,2,GRB,3726
1354053357,1,GRB,3725
1353666970,1,GRB,3722
1353618897,2,GRB,3721
1353277647,1,GRB,3719
1353246543,2,GRB,3718
1353168369,1,GRB,3717
1352984578,1,GRB,3716
1352811773,2,GRB,3714
1352448422,1,GRB,3711
1351499066,1,GRB,3709
1350680761,1,GRB,3707
1350329788,1,GRB,3706
1350107328,1,GRB,3705
1350062541,1,GRB,3704
1349994740,2,GRB,3703
1348836795,2,GRB,3702
1348654399,1,GRB,3701
1348646580,2,GRB,3700
1348261384,1,GRB,3699
1348239789,2,GRB,3698
1348039478,1,GRB,3697
1348017299,1,GRB,3696
1347768464,2,GRB,3695
1347344772,1,GRB,3694
1347226070,2,GRB,3693
1346310423,1,GRB,3692
1346303093,1,GRB,3691
1346044224,1,GRB,3690
1345239482,1,GRB,3686
1345176153,1,GRB,3685
1345161498,2,GRB,3684
1345089466,1,GRB,3683
1344644431,1,GRB,3682
1344471642,1,GRB,3681
1344346358,2,GRB,3680
1344211816,2,GRB,3678
1344041655,2,GRB,3677
1343904833,1,GRB,3676
1343858724,1,GRB,3675
1343471134,1,GRB,3674
1343406021,2,GRB,3673
1342458307,2,GRB,3671
1342382361,1,GRB,3670
1341974755,1,GRB,3669
1341927872,1,GRB,3668
1341868303,1,GRB,3665
1341688346,1,GRB,3661
1341672500,2,GRB,3660
1341336323,1,GRB,3650
1341309671,2,GRB,3649
1340592642,2,GRB,3645
1340576406,2,GRB,3644
1340558135,1,GRB,3643
1340522662,2,GRB,3642
1340269686,1,GRB,3641
1340110808,2,GRB,3640
1339988627,2,GRB,3639
1339945367,2,GRB,3638
1339829803,2,GRB,3637
1339701877,1,GRB,3636
1339518582,1,GRB,3635
1339395113,2,GRB,3634
1339118289,2,GRB,3632
1338893538,2,GRB,3631
1338719534,2,GRB,3629
1338613200,1,GRB,3628
1338346421,2,GRB,3627
1338016597,1,GRB,3626
1337675959,2,GRB,3625
1337656267,1,GRB,3624
1337447898,2,GRB,3623
1337131259,1,GRB,3621
1336749534,1,GRB,3619
1335633978,2,GRB,3616
1335489451,2,GRB,3615
1335406155,1,GRB,3614
1334906778,1,GRB,3613
1334001382,2,GRB,3612
1332915986,2,GRB,3611
1332568750,2,GRB,3610
1332504615,2,GRB,3609
1332474774,1,GRB,3608
1331856672,1,GRB,3606
1330840668,1,GRB,3600
1330824470,1,GRB,3599
1330363483,1,GRB,3598
1330334570,1,GRB,3597
1330289659,2,GRB,3596
1330253057,2,GRB,3595
1330035833,2,GRB,3594
1329870574,2,GRB,3593
1329526138,1,GRB,3592
1329514915,2,GRB,3591
1329506634,2,GRB,3590
1328568383,2,GRB,3589
1328555688,1,GRB,3588
1328318249,2,GRB,3587
1328096517,2,GRB,3586
1327845348,2,GRB,3585
1326950988,1,GRB,3582
1326945874,1,GRB,3581
1326922368,2,GRB,3580
1326325033,1,GRB,3579
1325927532,1,GRB,3578
1325470581,2,GRB,3577
1325087136,2,GRB,3575
1324565515,2,GRB,3571
1324489412,1,GRB,3570
1324381223,1,GRB,3569
1324027287,2,GRB,3568
1323980882,2,GRB,3567
1323506259,2,GRB,3566
1323090650,1,GRB,3564
1322422032,1,GRB,3563
1322401383,2,GRB,3562
1322039675,1,GRB,3560
1321892782,1,GRB,3559
1321161013,2,GRB,3558
1321134464,2,GRB,3557
1320872237,2,GRB,3556
1320789784,2,GRB,3555
1320317941,2,GRB,3553
1319623380,2,GRB,3552
1319318390,2,GRB,3550
1319158424,2,GRB,3549
1318866330,1,GRB,3547
1318804900,2,GRB,3546
1318673719,1,GRB,3545
1318447661,2,GRB,3544
1318417000,2,GRB,3543
1318299314,1,GRB,3542
1318142738,1,GRB,3541
1318111981,1,GRB,3540
1317640198,1,GRB,3539
1317278637,2,GRB,3536
1317270531,1,GRB,3535
1316947285,1,GRB,3532
1316819275,2,GRB,3529
1316641969,1,GRB,3525
1316523940,1,GRB,3523
1316445153,2,GRB,3521
1316381222,1,GRB,3519
1315536422,1,GRB,3518
1315017573,2,GRB,3514
1315008783,2,GRB,3513
1314741396,2,GRB,3512
1314508157,2,GRB,3511
1314144785,2,GRB,3510
1314119507,1,GRB,3509
1313931132,2,GRB,3508
1313875668,1,GRB,3507
1313769474,1,GRB,3506
1313586300,2,GRB,3505
1313555715,1,GRB,3504
1313401255,2,GRB,3503
1313225104,2,GRB,3502
1313214053,2,GRB,3501
1313011026,1,GRB,3500
1312818295,1,GRB,3498
1312391546,2,GRB,3495
1312298356,2,GRB,3493
1312110574,1,GRB,3492
1311909928,2,GRB,3490
1311223666,1,GRB,3489
1311135274,1,GRB,3488
1310888406,1,GRB,3487
1310876394,2,GRB,3486
1310735635,1,GRB,3485
1310338431,2,GRB,3484
1310247164,1,GRB,3483
1310225070,2,GRB,3482
1310209628,2,GRB,3481
1310133586,1,GRB,3480
1309986790,1,GRB,3479
1309855424,2,GRB,3478
1309837029,2,GRB,3477
1309741711,1,GRB,3476
1309320594,2,GRB,3475
1309036105,2,GRB,3474
1308714453,2,GRB,3473
1308386873,1,GRB,3472
1308218972,2,GRB,3471
1307247808,2,GRB,3468
1307198985,2,GRB,3467
1306945217,2,GRB,3466
1306649867,2,GRB,3464
1306630120,2,GRB,3463
1306529344,2,GRB,3462
1306489913,2,GRB,3461
1306429739,1,GRB,3460
1306207299,2,GRB,3459
1306077120,1,GRB,3458
1306071057,2,GRB,3457
1306059555,1,GRB,3456
1306046612,1,GRB,3455
1305977338,1,GRB,3454
1305751090,1,GRB,3453
1305639892,2,GRB,3452
1305603699,1,GRB,3451
1305410942,2,GRB,3450
1305066444,1,GRB,3449
1304571174,1,GRB,3448
1304444141,2,GRB,3447
1303982309,2,GRB,3446
1303549615,1,GRB,3445
1303531573,1,GRB,3444
1303486902,2,GRB,3443
1303409447,2,GRB,3442
1303297350,1,GRB,3441
1302872368,2,GRB,3440
1302220615,1,GRB,3439
1302061446,2,GRB,3438
1301703181,2,GRB,3437
1301695461,2,GRB,3436
1301315363,2,GRB,3435
1301276314,2,GRB,3434
1301265180,1,GRB,3433
1300895860,1,GRB,3432
1300674217,1,GRB,3429
1300452242,2,GRB,3428
1299948614,1,GRB,3425
1299202951,2,GRB,3419
1298956125,2,GRB,3418
1298840509,1,GRB,3417
1298561393,2,GRB,3416
1298264890,2,GRB,3414
1297574248,2,GRB,3407
1297516351,1,GRB,3406
1296551059,1,GRB,3405
1296530708,1,GRB,3404
1295869012,1,GRB,3403
1295810265,2,GRB,3402
1295539182,1,GRB,3401
1295382856,1,GRB,3400
1295275662,2,GRB,3399
1294261372,1,GRB,3398
1294129480,1,GRB,3397
1293994474,2,GRB,3396
1293759409,2,GRB,3395
1293613163,2,GRB,3394
1293454305,1,GRB,3393
1293443103,2,GRB,3392
1293267858,2,GRB,3391
1293227087,1,GRB,3390
1292725894,1,GRB,3389
1292603030,2,GRB,3388
1292519868,2,GRB,3387
1292491095,2,GRB,3386
1292237358,2,GRB,3385
1292163980,1,GRB,3384
1291883222,2,GRB,3383
1291809418,1,GRB,3382
1291596745,1,GRB,3381
1291109966,1,GRB,3380
1291051520,2,GRB,3379
1291045170,1,GRB,3378
1290746678,1,GRB,3377
1290552738,1,GRB,3376
1290020406,2,GRB,3375
1289648230,1,GRB,3374
1289599831,2,GRB,3373
1288893476,2,GRB,3372
1288054151,2,GRB,3371
1287890786,2,GRB,3370
1287874264,1,GRB,3369
1287620012,1,GRB,3368
1287311561,1,GRB,3367
1287208216,1,GRB,3365
1287029515,1,GRB,3364
1286892601,2,GRB,3363
1286607260,1,GRB,3362
1286556198,2,GRB,3361
1286333533,1,GRB,3360
1285549964,1,GRB,3359
1285300693,1,GRB,3358
1284842556,1,GRB,3357
1284662470,1,GRB,3356
1284568201,2,GRB,3355
1284474736,1,GRB,3354
1284147465,1,GRB,3353
1283780970,2,GRB,3352
1283611148,1,GRB,3351
1283115727,2,GRB,3350
1283072403,1,GRB,3349
1282906548,2,GRB,3348
1282863509,2,GRB,3347
1282849597,1,GRB,3346
1282828839,1,GRB,3345
1282294620,2,GRB,3344
1281919073,2,GRB,3343
1281774322,2,GRB,3342
1281757811,1,GRB,3341
1281690421,1,GRB,3340
1281494152,2,GRB,3339
1281314002,1,GRB,3338
1281153798,1,GRB,3337
1281039387,1,GRB,3336
1280888968,2,GRB,3335
1280283500,1,GRB,3334
1279932126,2,GRB,3333
1279765121,1,GRB,3332
1279583041,1,GRB,3331
1279152807,2,GRB,3330
1279124838,2,GRB,3329
1279063890,1,GRB,3328
1278463598,1,GRB,3327
1278284353,2,GRB,3326
1278214505,1,GRB,3325
1277984719,1,GRB,3324
1277838845,2,GRB,3323
1277490747,1,GRB,3322
1277161154,1,GRB,3321
1277089413,1,GRB,3320
1276363566,1,GRB,3319
1276347856,2,GRB,3318
1275851563,1,GRB,3316
1275634422,1,GRB,3315
1275187839,1,GRB,3314
1275087675,2,GRB,3313
1275011283,2,GRB,3312
1274987143,2,GRB,3311
1274499949,2,GRB,3310
1274476452,1,GRB,3309
1274244806,2,GRB,3308
1273921991,2,GRB,3306
1273539010,1,GRB,3305
1273123541,1,GRB,3304
1272432807,1,GRB,3303
1272189516,2,GRB,3302
1271982897,1,GRB,3301
1271932164,1,GRB,3300
1271211627,2,GRB,3299
1270921547,2,GRB,3298
1270422903,1,GRB,3297
1270393200,1,GRB,3296
1270363612,2,GRB,3295
1270063174,1,GRB,3294
1269933898,2,GRB,3293
1269673997,2,GRB,3292
1269498967,1,GRB,3291
1269403652,1,GRB,3290
1269219905,1,GRB,3289
1269089884,2,GRB,3288
1268463265,1,GRB,3287
1268399981,1,GRB,3286
1268230606,2,GRB,3285
1267106129,2,GRB,3284
1266979270,1,GRB,3283
1266892691,1,GRB,3282
1266065081,2,GRB,3281
1265884430,2,GRB,3278
1265463006,1,GRB,3274
1265178860,1,GRB,3273
1264959062,2,GRB,3272
1264171681,1,GRB,3271
1263925506,1,GRB,3270
1263825329,1,GRB,3269
1263781413,1,GRB,3268
1263750497,2,GRB,3267
1263677543,2,GRB,3266
1262540566,1,GRB,3265
1262445520,2,GRB,3264
1262419965,1,GRB,3263
1262330034,2,GRB,3262
1262235396,1,GRB,3261
1261490986,1,GRB,3260
1260271131,1,GRB,3259
1260261963,2,GRB,3258
1259391042,1,GRB,3257
1259364349,1,GRB,3256
1259222369,1,GRB,3255
1259006374,2,GRB,3254
1258691676,2,GRB,3253
1258496126,1,GRB,3252
1258479869,1,GRB,3251
1258168066,1,GRB,3250
1257802274,1,GRB,3249
1257491667,1,GRB,3248
1257045995,1,GRB,3246
1256990432,1,GRB,3245
1256932352,2,GRB,3244
1256081191,1,GRB,3243
1256074604,2,GRB,3242
1255373224,2,GRB,3241
1255142588,2,GRB,3240
1254612796,2,GRB,3239
1254544543,2,GRB,3238
1254218965,1,GRB,3237
1254198787,1,GRB,3236
1254151784,1,GRB,3235
1253938828,1,GRB,3234
1253870441,2,GRB,3233
1253624204,2,GRB,3232
1253010739,2,GRB,3231
1252755171,1,GRB,3230
1252610991,2,GRB,3229
1252420290,2,GRB,3228
1252351427,1,GRB,3227
1251812184,2,GRB,3226
1251704193,2,GRB,3225
1251562098,,,
1251426211,1,GRB,3224
1251399987,1,GRB,3223
1251043870,2,GRB,3222
1250470285,2,GRB,3220
1250290117,2,GRB,3219
1250239781,2,GRB,3218
1250136641,2,GRB,3217
1250056958,1,GRB,3216
1249860491,1,GRB,3215
1249425196,1,GRB,3214
1249191539,1,GRB,3213
1248737549,1,GRB,3212
1248395646,1,GRB,3211
1248155960,1,GRB,3210
1248109379,1,GRB,3209
1248071891,2,GRB,3208
1247967089,1,GRB,3207
1247941082,1,GRB,3206
1247791776,1,GRB,3205
1247691799,2,GRB,3204
1247678736,1,GRB,3203
1247362917,1,GRB,3202
1247125114,2,GRB,3201
1246714929,2,GRB,3200
1245990730,1,GRB,3199
1245724461,1,GRB,3198
1245622044,2,GRB,3197
1245490583,2,GRB,3196
1245313704,2,GRB,3195
1245214793,1,GRB,3194
1244818245,1,GRB,3193
1244021064,1,GRB,3192
1243707261,1,GRB,3191
1243622511,1,GRB,3190
1243603918,2,GRB,3189
1243513359,2,GRB,3188
1243227874,1,GRB,3187
1243153083,1,GRB,3186
1243070876,1,GRB,3185
1242850997,1,GRB,3184
1242674707,2,GRB,3183
1242505717,1,GRB,3182
1242321969,1,GRB,3181
1241914981,1,GRB,3180
1241028235,1,GRB,3179
1240911066,2,GRB,3178
1240874792,2,GRB,3177
1240763610,1,GRB,3176
1240650266,2,GRB,3175
1240045166,2,GRB,3172
1239493659,1,GRB,3171
1239480399,1,GRB,3170
1239257903,1,GRB,3168
1239226752,2,GRB,3167
1239219998,2,GRB,3166
1239038531,1,GRB,3165
1238574922,1,GRB,3163
1238544170,2,GRB,3162
1238361800,1,GRB,3160
1238260026,2,GRB,3159
1238233009,1,GRB,3158
1237766574,2,GRB,3157
1237761558,1,GRB,3156
1237090380,1,GRB,3155
1236884439,2,GRB,3154
1236658966,1,GRB,3153
1236533782,1,GRB,3152
1236380843,2,GRB,3151
1236273576,1,GRB,3150
1236215678,2,GRB,3149
1235890549,2,GRB,3148
1235822218,1,GRB,3147
1235796802,1,GRB,3146
1235759459,2,GRB,3145
1235719556,1,GRB,3143
1235410467,2,GRB,3141
1235034129,1,GRB,3136
1234846604,2,GRB,3135
1234349034,1,GRB,3132
1234139109,2,GRB,3131
1234003649,1,GRB,3130
1233510420,1,GRB,3126
1233367762,2,GRB,3125
1231781415,2,GRB,3110
1231374540,2,GRB,3109
1231244963,1,GRB,3108
1230864936,2,GRB,3107
1230833594,1,GRB,3106
1230693662,1,GRB,3105
1230650349,2,GRB,3104
1230153476,2,GRB,3103
1229921642,1,GRB,3102
1229876474,1,GRB,3101
1229431444,2,GRB,3100
1229366921,2,GRB,3099
1228865520,2,GRB,3098
1228422298,1,GRB,3097
1228312290,2,GRB,3096
1228122556,1,GRB,3095
1227930726,1,GRB,3094
1227735249,2,GRB,3093
1227614022,1,GRB,3092
1227356893,2,GRB,3091
1227299731,1,GRB,3090
1226333928,2,GRB,3089
1226327147,2,GRB,3088
1226322287,1,GRB,3087
1226250727,2,GRB,3086
1225758392,2,GRB,3084
1225543520,1,GRB,3083
1224983392,2,GRB,3082
1224922986,2,GRB,3081
1224702410,2,GRB,3080
1223522455,2,GRB,3079
1223126776,2,GRB,3078
1223066895,2,GRB,3077
1222895863,2,GRB,3076
1222367758,1,GRB,3075
1221731078,2,GRB,3074
1221558321,1,GRB,3073
1221523964,1,GRB,3072
1220677508,2,GRB,3071
1220086221,2,GRB,3070
1219686412,1,GRB,3068
1219673629,2,GRB,3067
1219614531,1,GRB,3065
1219507849,1,GRB,3063
1219305447,2,GRB,3060
1218945128,1,GRB,3059
1218930239,2,GRB,3058
1218888290,2,GRB,3057
1218153028,1,GRB,3056
1218058210,2,GRB,3055
1217987541,2,GRB,3054
1217722955,2,GRB,3053
1217668508,2,GRB,3052
1217443900,2,GRB,3051
1217146409,2,GRB,3050
1216892273,2,GRB,3049
1216856266,2,GRB,3048
1216819343,1,GRB,3047
1216635910,2,GRB,3046
1216162122,2,GRB,3045
1216057978,1,GRB,3044
1215693192,2,GRB,3043
1215627355,1,GRB,3042
1215318513,2,GRB,3041
1214317247,2,GRB,3040
1213502853,2,GRB,3039
1213355558,1,GRB,3038
1213147142,1,GRB,3037
1213051780,1,GRB,3036
1212818843,2,GRB,3035
1212709682,2,GRB,3034
1212521892,2,GRB,3033
1212370286,1,GRB,3032
1212003960,1,GRB,3031
1211999267,2,GRB,3030
1211858631,1,GRB,3028
1211689846,1,GRB,3027
1210758958,2,GRB,3026
1210751077,2,GRB,3025
1210655649,2,GRB,3024
1210647744,2,GRB,3023
1210196645,2,GRB,3022
1210146302,2,GRB,3021
1209709766,1,GRB,3020
1209585552,2,GRB,3019
1209474678,2,GRB,3018
1208114778,1,GRB,3016
1208076671,2,GRB,3015
1208055263,2,GRB,3014
1207948532,1,GRB,3013
1207942079,1,GRB,3012
1207625780,2,GRB,3011
1207600929,1,GRB,3010
1206875053,1,GRB,3008
1206830290,2,GRB,3007
1206691382,2,GRB,3006
1206588852,1,GRB,3005
1206081321,1,GRB,3004
1206013909,1,GRB,3003
1205929557,2,GRB,3002
1205907170,2,GRB,3001
1205829099,2,GRB,3000
1205800310,2,GRB,2999
1205752302,1,GRB,2998
1204961751,2,GRB,2997
1204576787,2,GRB,2996
1204471776,1,GRB,2995
1204304734,2,GRB,2993
1203872327,1,GRB,2992
1203675662,2,GRB,2991
1203314245,2,GRB,2989
1202857493,1,GRB,2988
1202714622,2,GRB,2987
1202133390,1,GRB,2986
1202017139,1,GRB,2985
1202005256,2,GRB,2984
1201442443,2,GRB,2983
1201062114,1,GRB,2982
1201026764,2,GRB,2981
1200589237,1,GRB,2980
1200326984,2,GRB,2979
1199885951,2,GRB,2978
1199397639,2,GRB,2977
1198835996,2,GRB,2976
1198827665,1,GRB,2975
1198786428,1,GRB,2974
1197911004,2,GRB,2973
1197195599,2,GRB,2972
1197123241,2,GRB,2971
1197005474,2,GRB,2970
1196747911,1,GRB,2969
1196042745,1,GRB,2968
1196032869,1,GRB,2967
1195998997,2,GRB,2966
1195489054,1,GRB,2965
1195465805,1,GRB,2964
1195396668,2,GRB,2963
1195311004,1,GRB,2962
1194892382,1,GRB,2961
1194558032,1,GRB,2960
1194486426,1,GRB,2959
1194060753,2,GRB,2958
1193734364,2,GRB,2957
1192863746,2,GRB,2956
1192787283,2,GRB,2955
1192540825,1,GRB,2954
1192413001,1,GRB,2953
1192331988,1,GRB,2952
1192265623,1,GRB,2951
1192049148,2,GRB,2950
1191652933,1,GRB,2949
1191397255,2,GRB,2948
1191290848,2,GRB,2947
1190735475,2,GRB,2946
1190331809,1,GRB,2945
1190014439,2,GRB,2943
1190004084,2,GRB,2942
1189845290,1,GRB,2941
1189501268,2,GRB,2939
1189445608,2,GRB,2938
1188497306,1,GRB,2936
1188418118,2,GRB,2935
1188006942,2,GRB,2934
1187988599,1,GRB,2933
1187782724,2,GRB,2932
1187776980,1,GRB,2931
1187700564,1,GRB,2930
1187518621,2,GRB,2929
1187361810,1,GRB,2928
1186356698,1,GRB,2927
1186035376,2,GRB,2926
1185705861,1,GRB,2925
1185319507,2,GRB,2923
1185084033,1,GRB,2922
1185027853,2,GRB,2921
1184946433,1,GRB,2920
1184875488,1,GRB,2919
1184709030,2,GRB,2918
1184685984,1,GRB,2917
1184608556,2,GRB,2916
1184389165,1,GRB,2915
1183824522,1,GRB,2913
1183499171,2,GRB,2912
1182830850,1,GRB,2910
1182779737,2,GRB,2909
1182611337,2,GRB,2908
1182479111,2,GRB,2907
1182066203,1,GRB,2906
1181999137,2,GRB,2905
1181957062,1,GRB,2904
1181797514,1,GRB,2903
1180933871,,,
1179730291,2,GRB,2897
1179348085,2,GRB,2896
1178949972,2,GRB,2895
1178597902,1,GRB,2894
1177814382,1,GRB,2893
1177744465,1,GRB,2892
1177713785,1,GRB,2891
1177679811,1,GRB,2890
1177310048,2,GRB,2889
1177249890,1,GRB,2888
1177172378,1,GRB,2887
1177049893,1,GRB,2886
1176990324,2,GRB,2885
1176916580,2,GRB,2884
1176656886,1,GRB,2883
1175860962,1,GRB,2882
1175528914,2,GRB,2881
1175180387,2,GRB,2880
1175054029,1,GRB,2879
1174778793,2,GRB,2877
1174503137,2,GRB,2875
1173631355,2,GRB,2873
1173302140,1,GRB,2872
1173053490,2,GRB,2871
1172468504,1,GRB,2870
1172386695,1,GRB,2869
1172343154,1,GRB,2868
1172129515,1,GRB,2865
1172092004,1,GRB,2864
1171946676,2,GRB,2863
1171695817,1,GRB,2862
1171492758,2,GRB,2861
1171308693,2,GRB,2860
1171153060,1,GRB,2859
1170882044,1,GRB,2858
1170343390,2,GRB,2857
1170108568,1,GRB,2856
1169992370,2,GRB,2855
1169709650,2,GRB,2854
1169628111,2,GRB,2853
1169290118,1,GRB,2852
1169047381,2,GRB,2851
1168957933,2,GRB,2850
1168882661,1,GRB,2849
1168689388,1,GRB,2848
1168084336,2,GRB,2847
1167520171,1,GRB,2846
1167431147,2,GRB,2845
1166973371,1,GRB,2842
1166902509,2,GRB,2841
1166758214,2,GRB,2840
1166695007,1,GRB,2839
1165927617,2,GRB,2836
1165901482,1,GRB,2835
1165296133,1,GRB,2832
1165151557,2,GRB,2831
1164988714,1,GRB,2830
1164960686,1,GRB,2829
1164182208,2,GRB,2828
1164122612,1,GRB,2827
1163242470,1,GRB,2824
1163139288,1,GRB,2823
1162964042,1,GRB,2822
1162762859,1,GRB,2819
1162416402,2,GRB,2818
1162297175,1,GRB,2817
1162011121,2,GRB,2816
1161611276,1,GRB,2815
1161519821,1,GRB,2814
1161455364,2,GRB,2813
1161445148,1,GRB,2812
1160762776,1,GRB,2811
1160653918,1,GRB,2810
1160631383,1,GRB,2809
1160545870,2,GRB,2808
1160215689,1,GRB,2807
1160153126,1,GRB,2806
1160124222,2,GRB,2805
1159877661,2,GRB,2804
1159583450,1,GRB,2803
1159523679,1,GRB,2802
1159406222,1,GRB,2801
1159287508,2,GRB,2799
1159215268,2,GRB,2798
1158945678,2,GRB,2796
1158766358,1,GRB,2795
1158520218,1,GRB,2793
1158308732,1,GRB,2790
1158193729,2,GRB,2789
1158186749,2,GRB,2788
1158069357,2,GRB,2787
1157808003,1,GRB,2785
1157331853,2,GRB,2784
1157136239,2,GRB,2783
1156012096,2,GRB,2778
1155596554,2,GRB,2776
1155509421,1,GRB,2775
1155315398,1,GRB,2774
1154788035,2,GRB,2770
1154676813,2,GRB,2769
1154343377,2,GRB,2768
1154146055,1,GRB,2767
1153843350,2,GRB,2766
1153159605,2,GRB,2764
1153132620,1,GRB,2763
1152356072,2,GRB,2762
1152333043,1,GRB,2761
1151893344,1,GRB,2757
1151625992,2,GRB,2756
1151220811,1,GRB,2755
1151156815,2,GRB,2754
1150996788,1,GRB,2753
1150680433,1,GRB,2752
1150347420,1,GRB,2751
1150311821,2,GRB,2750
1150289031,1,GRB,2749
1149938542,2,GRB,2748
1149320497,2,GRB,2747
1149212911,2,GRB,2746
1149016756,1,GRB,2745
1148856767,2,GRB,2744
1148791880,1,GRB,2743
1148408632,1,GRB,2742
1148292617,1,GRB,2741
1148258314,1,GRB,2740
1147586514,1,GRB,2739
1147433551,1,GRB,2738
1147246996,1,GRB,2737
1147183804,1,GRB,2736
1147037726,1,GRB,2735
1146871921,1,GRB,2734
1146539013,2,GRB,2733
1146313189,1,GRB,2731
1146191445,2,GRB,2730
1146181912,1,GRB,2729
1145984263,2,GRB,2728
1145651783,1,GRB,2727
1145617428,2,GRB,2726
1145124881,1,GRB,2725
1145079058,1,GRB,2724
1145057925,2,GRB,2723
1144925428,1,GRB,2722
1144530270,2,GRB,2721
1143870016,2,GRB,2720
1143437748,1,GRB,2716
1143288126,2,GRB,2715
1143097464,2,GRB,2714
1142917303,2,GRB,2713
1142904178,1,GRB,2712
1142594255,2,GRB,2711
1142410100,2,GRB,2710
1142280695,2,GRB,2709
1142208726,1,GRB,2708
1141915914,1,GRB,2707
1141658558,1,GRB,2706
1141612559,1,GRB,2705
1141497494,1,GRB,2704
1141425768,2,GRB,2703
1141129627,1,GRB,2702
1141118457,1,GRB,2701
1141096650,1,GRB,2700
1141059620,2,GRB,2699
1140748270,1,GRB,2698
1140736966,1,GRB,2697
1140568159,2,GRB,2696
1140229025,1,GRB,2695
1140169659,2,GRB,2694
1140141327,2,GRB,2693
1139969037,2,GRB,2692
1139836269,1,GRB,2691
1139652019,2,GRB,2690
1139187736,1,GRB,2689
1138951736,1,GRB,2688
1138628903,1,GRB,2687
1138535443,2,GRB,2686
1138118653,2,GRB,2685
1137992727,2,GRB,2684
1137882300,2,GRB,2683
1137816775,1,GRB,2682
1137673615,2,GRB,2681
1137480597,1,GRB,2680
1137297784,1,GRB,2679
1136969330,1,GRB,2678
1136598883,2,GRB,2677
1136443744,2,GRB,2675
1136075632,2,GRB,2674
1135129872,2,GRB,2673
1135083856,2,GRB,2672
1134278881,1,GRB,2671
1134071972,2,GRB,2670
1133982217,2,GRB,2668
1133741593,2,GRB,2667
1133476534,2,GRB,2662
1133132115,1,GRB,2660
1132842006,2,GRB,2659
1132405859,2,GRB,2658
1132306291,2,GRB,2657
1132230833,1,GRB,2656
1131695268,2,GRB,2653
1131554520,1,GRB,2652
1131498742,2,GRB,2651
1131330644,1,GRB,2650
1131009943,2,GRB,2649
1130964467,2,GRB,2648
1130807594,2,GRB,2647
1130796065,1,GRB,2646
1130524055,1,GRB,2645
1130506567,2,GRB,2644
1130391023,1,GRB,2643
1129986505,2,GRB,2642
1129903262,1,GRB,2641
1129774928,1,GRB,2640
1129118409,1,GRB,2639
1128789200,2,GRB,2638
1128101652,1,GRB,2637
1127981451,2,GRB,2636
1127976194,1,GRB,2635
1127551751,2,GRB,2634
1127439468,2,GRB,2633
1127418954,2,GRB,2632
1127359319,1,GRB,2631
1125908424,2,GRB,2621
1125843735,1,GRB,2620
1125578523,2,GRB,2619
1125298331,2,GRB,2618
1125244034,2,GRB,2617
1124940869,1,GRB,2615
1124884662,1,GRB,2614
1124621743,1,GRB,2613
1124519954,2,GRB,2611
1124275393,2,GRB,2610
1123618526,1,GRB,2608
1123248592,1,GRB,2605
1122721842,2,GRB,2602
1122409334,2,GRB,2601
1121821829,1,GRB,2600
1121596257,1,GRB,2599
1121390150,2,GRB,2598
1121337184,2,GRB,2597
1121228941,2,GRB,2592
1120669891,2,GRB,2589
1120396620,1,GRB,2588
1120368705,2,GRB,2587
1120227714,2,GRB,2586
1119988454,2,GRB,2585
1119829052,2,GRB,2584
1119307761,1,GRB,2583
1118602314,2,GRB,2581
1117989946,2,GRB,2579
1117780140,1,GRB,2578
1117513645,1,GRB,2575
1117428282,2,GRB,2574
1117175557,1,GRB,2573
1116979376,2,GRB,2572
1116558456,1,GRB,2570
1116484160,2,GRB,2569
1116072670,1,GRB,2568
1115959204,2,GRB,2566
1115675841,1,GRB,2565
1115631078,1,GRB,2564
1114935569,1,GRB,2558
1114852387,2,GRB,2557
1114783789,1,GRB,2556
1114395460,2,GRB,2555
1113822032,1,GRB,2554
1113690955,1,GRB,2553
1113332324,1,GRB,2552
1113256266,1,GRB,2551
1113203460,1,GRB,2550
1113009512,1,GRB,2549
1112867873,1,GRB,2548
1112635665,2,GRB,2547
1112544971,1,GRB,2546
1112365211,2,GRB,2545
1111830833,1,GRB,2543
1111443106,1,GRB,2542
1111305865,2,GRB,2540
1111000334,2,GRB,2539
1110789188,2,GRB,2538
1110606017,2,GRB,2537
1109598373,2,GRB,2535
1109372259,2,GRB,2534
1108847150,1,GRB,2532
1108801402,2,GRB,2531
1108538792,1,GRB,2530
1108381108,2,GRB,2529
1108322640,2,GRB,2528
1108243451,2,GRB,2527
1107862825,2,GRB,2525
1107747527,2,GRB,2524
1107666019,1,GRB,2523
1107451322,2,GRB,2522
1106885994,1,GRB,2520
1106773650,1,GRB,2519
1106566205,2,GRB,2518
1106525059,1,GRB,2517
1105528222,1,GRB,2508
1105426351,1,GRB,2507
1104647246,2,GRB,2506
1104529849,2,GRB,2504
1104081746,2,GRB,2495
1103836108,2,GRB,2487
1103810781,1,GRB,2486
1103761175,2,GRB,2483
1103508323,2,GRB,2478
1103470733,1,GRB,2477
1103420540,2,GRB,2476
1103384750,2,GRB,2475
1103268509,1,GRB,2474
1102921176,1,GRB,2470
1102809463,2,GRB,2469
1102764718,2,GRB,2467
1102751398,2,GRB,2466
1102314266,2,GRB,2464
1101954654,1,GRB,2463
1101771793,1,GRB,2462
1101398827,2,GRB,2461
1101172193,1,GRB,2458
1101061534,1,GRB,2457
1100992729,1,GRB,2456
1100978623,1,GRB,2455
1100704674,2,GRB,2453
1100631278,2,GRB,2452
1100616162,2,GRB,2451
1099393946,2,GRB,2432
1099325218,2,GRB,2430
1099082674,2,GRB,2418
1098820613,1,GRB,2414
1098744476,1,GRB,2413
1098348633,2,GRB,2411
1097835734,1,GRB,2407
1097708184,2,GRB,2406
1097634882,2,GRB,2405
1097514118,1,GRB,2404
1097367300,2,GRB,2403
1097303900,2,GRB,2402
1097114528,1,GRB,2400
1097065123,2,GRB,2399
1096795076,1,GRB,2397
1096171397,1,GRB,2396
1096151338,2,GRB,2395
1096026735,2,GRB,2394
1095900626,2,GRB,2393
1095814763,2,GRB,2391
1095782775,1,GRB,2390
1095726183,1,GRB,2389
1095338465,2,GRB,2388
1095052440,1,GRB,2387
1095026144,1,GRB,2386
1094785083,2,GRB,2383
1094605886,1,GRB,2381
1093969826,1,GRB,2380
1093814450,2,GRB,2378
1093768731,2,GRB,2377
1093231123,1,GRB,2372
1093209719,1,GRB,2371
1093012752,1,GRB,2368
1092792545,2,GRB,2365
1092644398,1,GRB,2364
1092633661,2,GRB,2363
1092147343,1,GRB,2356
1091469746,1,GRB,2355
1091269473,1,GRB,2354
1090555595,2,GRB,2343
1090199791,2,GRB,2333
1090079588,2,GRB,2329
1088902149,1,GRB,2316
1088722002,2,GRB,2315
1088490460,2,GRB,2314
1087939553,1,GRB,2312
1087842275,2,GRB,2310
1087658146,1,GRB,2309
1087298554,2,GRB,2307
1087076624,2,GRB,2306
1086960962,1,GRB,2305
1086680099,2,GRB,2302
1086479921,2,GRB,2298
1086461173,1,GRB,2297
1086409899,2,GRB,2296
1086277248,2,GRB,2294
1086045305,2,GRB,2292
1085788151,2,GRB,2291
1085763352,1,GRB,2290
1085602876,1,GRB,2289
1084963371,2,GRB,2282
1084646213,1,GRB,2281
1084389813,2,GRB,2280
1084293979,2,GRB,2279
1084183175,1,GRB,2278
1083887056,1,GRB,2277
1083619344,1,GRB,2276
1083479818,1,GRB,2275
1083235975,1,GRB,2274
1083096756,1,GRB,2273
1082910212,1,GRB,2271
1082857966,1,GRB,2270
1082687011,2,GRB,2268
1082514617,1,GRB,2267
1082189111,1,GRB,2266
1081940900,1,GRB,2264
1081861794,2,GRB,2263
1081517947,2,GRB,2261
1081076330,2,GRB,2259
1081034636,2,GRB,2258
1081011291,2,GRB,2257
1080883682,1,GRB,2256
1080558650,1,GRB,2250
1080404368,2,GRB,2249
1080276007,2,GRB,2248
1080123674,1,GRB,2247
1079940545,1,GRB,2246
1079814157,1,GRB,2245
1079682361,1,GRB,2244
1079460971,1,GRB,2243
1079049756,1,GRB,2242
1078230240,1,GRB,2241
1078200876,2,GRB,2240
1077926924,1,GRB,2239
1077703333,2,GRB,2237
1077238510,2,GRB,2236
1076804883,2,GRB,2235
1076511726,2,GRB,2234
1076411472,1,GRB,2233
1076191916,1,GRB,2232
1075973268,1,GRB,2231
1075915130,1,GRB,2230
1075905300,2,GRB,2229
1075842039,2,GRB,2227
1075366697,2,GRB,2226
1074279045,1,GRB,2223
1074191409,2,GRB,2222
1073957806,2,GRB,2221
1073799225,2,GRB,2220
1073453644,2,GRB,2217
1073072125,1,GRB,2214
1072649412,1,GRB,2211
1072461299,1,GRB,2209
1072393256,2,GRB,2208
1072353103,1,GRB,2207
1072342361,1,GRB,2206
1072169678,2,GRB,2205
1071975520,1,GRB,2204
1071812347,1,GRB,2202
1071728885,2,GRB,2201
1071686205,1,GRB,2200
1071396655,2,GRB,2199
1071090482,1,GRB,2197
1071057063,1,GRB,2196
1070919278,1,GRB,2195
1070761034,2,GRB,2194
1070431134,2,GRB,2192
1070398757,1,GRB,2191
1070258853,2,GRB,2190
1070157891,2,GRB,2189
1069307514,2,GRB,2186
1069136776,1,GRB,2182
1068844070,2,GRB,2179
1068569115,1,GRB,2176
1068300661,1,GRB,2175
1068229446,1,GRB,2174
1067274430,1,GRB,2166
1067131587,1,GRB,2162
1066987455,2,GRB,2155
1066615810,1,GRB,2141
1066600857,2,GRB,2140
1066348442,1,GRB,2137
1065521531,1,GRB,2134
1065302050,2,GRB,2133
1064845635,2,GRB,2132
1064595147,2,GRB,2131
1064255448,1,GRB,2129
1064220204,2,GRB,2128
1064133503,2,GRB,2127
1064005837,1,GRB,2126
1063749558,1,GRB,2125
1062989171,2,GRB,2124
1062603799,1,GRB,2123
1062342424,2,GRB,2122
1062268653,2,GRB,2121
1062000520,2,GRB,2120
1061577627,2,GRB,2118
1061443896,1,GRB,2117
1060830372,1,GRB,2112
1060357668,1,GRB,2109
1060139410,1,GRB,2108
1059756709,1,GRB,2105
1059201512,2,GRB,2103
1059133588,1,GRB,2102
1058880700,1,GRB,2101
1058830872,1,GRB,2100
1058243150,1,GRB,2097
1058220891,2,GRB,2096
1057878301,1,GRB,2095
1057747045,2,GRB,2094
1057449735,1,GRB,2093
1056892136,2,GRB,2092
1056857204,2,GRB,2090
1056592011,2,GRB,2089
1056129054,1,GRB,2088
1055554241,1,GRB,2085
1054952357,1,GRB,2071
1054943270,1,GRB,2070
1054847185,2,GRB,2069
1054779619,2,GRB,2068
1054505526,1,GRB,2065
1053703859,1,GRB,2058
1053699049,2,GRB,2057
1053353099,1,GRB,2056
1053293322,2,GRB,2055
1053227538,2,GRB,2054
1053221023,2,GRB,2053
1052936550,1,GRB,2052
1052501305,1,GRB,2051
1052459420,1,GRB,2050
1052186651,1,GRB,2049
1052125405,1,GRB,2048
1051821890,2,GRB,2047
1051751841,2,GRB,2046
1051599088,2,GRB,2045
1051569078,1,GRB,2044
1051399799,1,GRB,2041
1051285711,2,GRB,2035
1051032384,1,GRB,2033
1051002086,1,GRB,2032
1050997880,2,GRB,2031
1050885390,1,GRB,2029
1050714727,1,GRB,2028
1050328107,1,GRB,2027
1050219279,2,GRB,2026
1049973825,1,GRB,2025
1049668927,1,GRB,2022
1049509053,2,GRB,2021
1049341069,2,GRB,2020
1049089120,2,GRB,2019
1048952058,1,GRB,2018
1048937849,2,GRB,2017
1048675424,2,GRB,2016
1048601709,1,GRB,2015
1048186162,2,GRB,2014
1048155119,1,GRB,2012
1047884329,1,GRB,2007
1047100704,1,GRB,2006
1047047519,1,GRB,2005
1046921878,2,GRB,2004
1046820864,2,GRB,2002
1046550443,1,GRB,2001
1046464012,1,GRB,2000
1046185373,2,GRB,1999
1045993506,1,GRB,1998
1045931576,,,
1044886257,1,GRB,1995
1044529234,1,GRB,1994
1044362728,2,GRB,1993
1043670750,2,GRB,1992
1042964154,1,GRB,1991
1042824978,2,GRB,1990
1042618543,1,GRB,1989
1042611869,1,GRB,1988
1042191572,2,GRB,1987
1041777254,1,GRB,1985
1041549538,1,GRB,1984
1041522470,2,GRB,1983
1041453821,1,GRB,1982
1040914420,2,GRB,1981
1040605794,2,GRB,1980
1039925730,1,GRB,1976
1039634005,1,GRB,1975
1039605515,1,GRB,1974
1039214951,2,GRB,1973
1039058308,2,GRB,1971
1038720603,1,GRB,1969
1038247107,2,GRB,1961
1038203941,1,GRB,1960
1037710446,1,GRB,1951
1037433994,1,GRB,1950
1037169541,2,GRB,1947
1036831368,2,GRB,1942
1036733995,1,GRB,1941
1036252712,2,GRB,1938
1035707631,1,GRB,1932
1035577111,1,GRB,1930
1035341625,1,GRB,1928
1035144772,2,GRB,1926
1034764184,2,GRB,1924
1034577108,2,GRB,1919
1034481696,1,GRB,1918
1034233138,,,
1034192339,,,
1034188465,,,
1034087403,2,GRB,1917
1034060450,2,GRB,1916
1033015962,2,GRB,1912
1032844211,1,GRB,1911
1032786382,2,GRB,1910
1032354492,2,GRB,1908
1032040398,2,GRB,1904
1031978410,2,GRB,1903
1031767215,1,GRB,1902
1031687851,1,GRB,1900
1031447902,2,GRB,1897
1031122421,1,GRB,1895
1030513537,2,GRB,1886
1029981086,,,
1029947643,1,GRB,1882
1029769059,2,GRB,1873
1029743801,2,GRB,1871
1029206680,1,GRB,1865
1028359731,2,GRB,1857
1028202759,2,GRB,1855
1028123831,1,GRB,1854
1028075235,1,GRB,1853
1028009273,1,GRB,1852
1026978134,,,
1026963172,,,
1026771460,2,GRB,1840
1026760863,2,GRB,1839
1026746066,2,GRB,1838
1026661770,2,GRB,1837
1026454186,1,GRB,1836
1026102850,2,GRB,1834
1025926226,1,GRB,1833
1025625259,,,
1025423931,1,GRB,1829
1025419046,2,GRB,1828
1024806183,1,GRB,1826
1024577890,2,GRB,1825
1023582545,1,GRB,1824
1023532429,1,GRB,1823
1023200023,1,GRB,1822
1023126633,2,GRB,1821
1023039030,2,GRB,1820
1023013314,1,GRB,1818
1022779344,1,GRB,1813
1022304964,1,GRB,1810
1022300814,2,GRB,1809
1021401357,2,GRB,1806
1020902474,1,GRB,1804
1020890511,2,GRB,1803
1020830819,1,GRB,1802
1020526235,1,GRB,1801
1020201719,1,GRB,1800
1020126409,2,GRB,1799
1020041335,2,GRB,1798
1019865371,2,GRB,1797
1019151784,2,GRB,1794
1019119112,1,GRB,1793
1019041310,,,
1019021784,1,GRB,1792
1018714815,1,GRB,1789
1018152877,2,GRB,1783
1017967299,1,GRB,1782
1017915257,1,GRB,1781
1017734105,1,GRB,1780
1017711171,2,GRB,1779
1017195969,2,GRB,1778
1017139982,1,GRB,1777
1015982271,1,GRB,1773
1015809692,2,GRB,1771
1015441080,2,GRB,1768
1015203747,2,GRB,1767
1015195640,2,GRB,1766
1015071819,2,GRB,1765
1014740022,2,GRB,1764
1014278874,2,GRB,1761
1014061752,1,GRB,1756
1014021663,1,GRB,1755
1013712573,2,GRB,1751
1013240996,1,GRB,1750
1013177657,2,GRB,1749
1012602495,1,GRB,1748
1012165046,2,GRB,1746
1012115233,1,GRB,1745
1011930263,1,GRB,1744
1011414432,1,GRB,1743
1011271509,2,GRB,1742
1011217966,1,GRB,1741
1010887452,2,GRB,1737
1009963313,2,GRB,1736
1009581552,2,GRB,1734
1009310371,2,GRB,1732
1009234385,2,GRB,1731
1008897659,2,GRB,1729
1008471326,2,GRB,1728
1008359322,2,GRB,1727
1006843006,1,GRB,1714
1006368433,1,GRB,1712
1006126727,1,GRB,1711
1005855377,2,GRB,1710
1004607554,2,GRB,1698
1004430377,1,GRB,1695
1003956209,1,GRB,1688
1003386179,1,GRB,1681
1003218999,1,GRB,1680
1003032237,1,GRB,1679
1002570952,2,GRB,1676
1002227352,1,GRB,1675
1001237071,2,GRB,1672
1001180213,2,GRB,1671
1001049357,2,GRB,1670
1000827073,2,GRB,1667
1000691136,2,GRB,1663
999559674,1,GRB,1649
999509444,1,GRB,1648
999430914,1,GRB,1646
998972298,1,GRB,1640
998849253,2,GRB,1637
998400423,2,GRB,1632
998142795,2,GRB,1631
997695842,1,GRB,1629
997068724,2,GRB,1624
996956004,2,GRB,1621
996741316,2,GRB,1619
996690629,2,GRB,1618
996404125,1,GRB,1617
996111082,1,GRB,1616
996080488,1,GRB,1615
995910156,2,GRB,1614
995687811,1,GRB,1613
994808051,2,GRB,1611
994407545,2,GRB,1610
994192251,2,GRB,1609
993948389,1,GRB,1606
993841860,1,GRB,1605
993817267,1,GRB,1604
993754818,1,GRB,1603
993690606,2,GRB,1602
993490110,1,GRB,1601
993389729,1,GRB,1599
993267074,2,GRB,1597
992963823,2,GRB,1595
992919506,1,GRB,1594
992669724,2,GRB,1593
992607266,1,GRB,1592
992438588,2,GRB,1590
992417641,2,GRB,1588
992313198,1,GRB,1587
992297166,1,GRB,1586
991925723,2,GRB,1585
991212867,2,GRB,1582
990899703,2,GRB,1581
990892786,1,GRB,1580
990593059,1,GRB,1579
990564710,1,GRB,1578
990558866,1,GRB,1577
990318687,1,GRB,1575
990143494,2,GRB,1574
989327828,2,GRB,1571
988944232,1,GRB,1570
988768757,2,GRB,1569
988582963,2,GRB,1567
988397052,1,GRB,1565
987806283,2,GRB,1559
987755586,2,GRB,1557
986712322,1,GRB,1551
985720541,1,GRB,1541
985576500,1,GRB,1539
984810490,1,GRB,1533
984668469,1,GRB,1532
984065938,1,GRB,1529
983918144,2,GRB,1527
983754303,1,GRB,1526
983683135,2,GRB,1525
983214914,1,GRB,1524
982990157,2,GRB,1523
982870984,2,GRB,1522
982826591,2,GRB,1521
982709468,2,GRB,1520
982158778,2,GRB,1519
982033046,2,GRB,1518
981998799,2,GRB,1517
981601627,1,GRB,1516
980776055,1,GRB,1514
980500247,2,GRB,1511
980098120,1,GRB,1510
979899579,2,GRB,1508
979596967,2,GRB,1507
979254540,2,GRB,1506
979156747,1,GRB,1505
979007885,1,GRB,1502
978654701,1,GRB,1501
978628889,2,GRB,1500
978538275,1,GRB,1499
978171217,1,GRB,1498
978037564,1,GRB,1497
978004997,1,GRB,1496
977728160,1,GRB,1493
977581323,1,GRB,1492
977450331,2,GRB,1490
977238229,1,GRB,1489
977211506,2,GRB,1487
977108853,2,GRB,1486
976890871,1,GRB,1485
976827788,1,GRB,1484
976716146,2,GRB,1483
976633046,2,GRB,1482
976613623,1,GRB,1481
976181385,2,GRB,1480
976156015,1,GRB,1479
975916869,2,GRB,1478
975556775,2,GRB,1477
974840252,2,GRB,1471
974738836,1,GRB,1470
974727931,2,GRB,1469
974593006,1,GRB,1468
974297326,1,GRB,1467
973663917,2,GRB,1464
973563430,1,GRB,1463
973523715,1,GRB,1462
973472051,2,GRB,1461
973441528,2,GRB,1460
973180428,2,GRB,1459
972746010,2,GRB,1457
972503369,2,GRB,1456
972494638,1,GRB,1455
972443404,1,GRB,1454
972193705,1,GRB,1453
972072065,1,GRB,1452
971999975,2,GRB,1451
971888314,2,GRB,1450
971821147,2,GRB,1449
971460838,1,GRB,1448
971279694,1,GRB,1447
970894727,1,GRB,1446
970716309,2,GRB,1445
970671090,1,GRB,1444
970105485,1,GRB,1442
970012173,2,GRB,1441
969913856,2,GRB,1440
969305781,2,GRB,1436
969272555,2,GRB,1435
968656525,1,GRB,1430
968617675,1,GRB,1429
968274049,2,GRB,1428
968073522,1,GRB,1427
968021210,1,GRB,1426
967679393,2,GRB,1425
967516252,2,GRB,1424
967038078,2,GRB,1422
966849589,1,GRB,1421
966824213,1,GRB,1420
966760675,1,GRB,1419
966629347,1,GRB,1418
966508420,1,GRB,1417
966109182,2,GRB,1414
966053871,1,GRB,1413
966007813,2,GRB,1412
965408829,,,
965105774,1,GRB,1406
965058170,1,GRB,1405
964965627,2,GRB,1404
964915454,2,GRB,1403
964726955,2,GRB,1402
964584473,2,GRB,1400
964178696,1,GRB,1393
963953236,1,GRB,1390
963512823,1,GRB,1386
962966148,2,GRB,1374
962945372,1,GRB,1373
962680109,1,GRB,1372
962435561,1,GRB,1371
962325061,2,GRB,1369
962255330,1,GRB,1368
961778162,2,GRB,1363
961722287,1,GRB,1360
961479224,2,GRB,1359
961457331,2,GRB,1358
961139663,2,GRB,1355
961102020,1,GRB,1354
961086752,1,GRB,1353
960971642,1,GRB,1351
960589815,2,GRB,1345
960492897,2,GRB,1344
960392589,,,
960344689,2,GRB,1341
960078944,2,GRB,1337
959589792,1,GRB,1333
959503599,1,GRB,1332
959431590,2,GRB,1331
959383694,2,GRB,1330
959126946,1,GRB,1327
958741357,1,GRB,1322
958724291,2,GRB,1321
958557724,2,GRB,1317
958541790,2,GRB,1316
958469164,1,GRB,1314
958216894,1,GRB,1309
957821422,1,GRB,1308
957813057,2,GRB,1307
957002843,1,GRB,1300
956640338,1,GRB,1299
956600287,2,GRB,1298
956240531,1,GRB,1297
956231071,2,GRB,1296
956110370,2,GRB,1295
956051589,2,GRB,1294
955788042,2,GRB,1292
955539774,1,GRB,1291
955363251,,,
955357896,,,
955161347,2,GRB,1288
954733199,2,GRB,1285
954685861,2,GRB,1284
954405430,2,GRB,1280
954047934,1,GRB,1278
953874617,1,GRB,1274
953162372,2,GRB,1265
952838633,2,GRB,1259
952465849,1,GRB,1256
952391843,1,GRB,1254
952365633,2,GRB,1253
952181918,2,GRB,1251
951965425,2,GRB,1245
951904298,2,GRB,1243
951878033,2,GRB,1242
951569466,1,GRB,1241
951537112,2,GRB,1240
951347624,1,GRB,1237
951176351,2,GRB,1236
950890744,1,GRB,1234
950490059,1,GRB,1233
950394663,2,GRB,1232
950375192,2,GRB,1231
950172245,1,GRB,1230
949967781,2,GRB,1229
949888365,1,GRB,1228
949739993,2,GRB,1226
949339640,2,GRB,1221
949330755,1,GRB,1220
948929202,1,GRB,1219
948874554,1,GRB,1218
948649328,1,GRB,1217
948635383,2,GRB,1216
947947772,1,GRB,1208
947737628,2,GRB,1206
947479126,2,GRB,1201
947269596,1,GRB,1200
946689631,2,GRB,1188
946480288,2,GRB,1183
946249739,2,GRB,1178
946220404,2,GRB,1177
945772596,1,GRB,1170
945360438,1,GRB,1166
944784851,1,GRB,1163
944627813,2,GRB,1162
944516067,2,GRB,1161
943714508,1,GRB,1156
943435870,2,GRB,1151
943183317,1,GRB,1148
943076811,1,GRB,1147
942876739,1,GRB,1145
942762666,1,GRB,1143
942691690,2,GRB,1140
942532870,2,GRB,1135
942043566,1,GRB,1130
941915013,2,GRB,1129
941820049,1,GRB,1128
941735231,2,GRB,1127
941497217,2,GRB,1126
940942985,2,GRB,1125
940912398,2,GRB,1124
940870593,2,GRB,1123
940750340,1,GRB,1121
939278053,1,GRB,1107
939260968,2,GRB,1106
939096869,2,GRB,1105
939049957,2,GRB,1104
939042888,1,GRB,1103
938904543,1,GRB,1102
938740950,2,GRB,1097
937737389,1,GRB,1088
937632797,2,GRB,1086
937577890,,,
937531099,,,
937437321,2,GRB,1085
937391939,1,GRB,1084
937205517,2,GRB,1083
936802244,2,GRB,1077
936725715,1,GRB,1075
936337330,2,GRB,1074
936099435,2,GRB,1071
935868420,1,GRB,0
935486623,1,GRB,1065
935323425,1,GRB,1063
935215648,2,GRB,1059
934771483,2,GRB,1042
934314330,1,GRB,1040
933957768,2,GRB,1039
933949688,1,GRB,1038
933661777,2,GRB,1036
933159829,1,GRB,1028
932851758,2,GRB,1024
932628204,2,GRB,1022
932504741,1,GRB,1021
932403535,2,GRB,1020
932106559,1,GRB,1019
931976030,2,GRB,1018
931901930,1,GRB,1017
931797786,1,GRB,1016
931765515,1,GRB,1015
931360400,1,GRB,1014
931190486,1,GRB,1013
930757155,1,GRB,1011
930047444,2,GRB,1006
929797330,1,GRB,1004
929638523,2,GRB,1003
929461677,1,GRB,1002
929102223,1,GRB,1001
928166181,2,GRB,998
928106798,2,GRB,997
928102819,1,GRB,996
927884533,1,GRB,995
927346424,2,GRB,0
927048064,1,GRB,992
926994253,2,GRB,991
926898865,2,GRB,989
926326150,1,GRB,986
925989810,1,GRB,983
925890670,1,GRB,982
925843586,2,GRB,981
925227843,1,GRB,979
925006767,2,GRB,978
924991763,2,GRB,977
924936902,1,GRB,976
924923553,1,GRB,975
924526510,2,GRB,972
924136697,2,GRB,971
924114723,1,GRB,970
924062423,2,GRB,969
923990050,1,GRB,968
923804735,1,GRB,967
923316063,1,GRB,965
923300459,2,GRB,964
923281709,1,GRB,963
923132945,2,GRB,961
922986968,1,GRB,960
922748180,2,GRB,958
922515711,1,GRB,957
922210177,1,GRB,956
922075437,1,GRB,955
921990467,2,GRB,954
921879651,2,GRB,953
921587359,1,GRB,0
921577243,1,GRB,948
921515731,1,GRB,947
921316912,1,GRB,946
921266709,1,GRB,945
921256541,1,GRB,944
920862294,2,GRB,940
920542536,1,GRB,938
920084217,1,GRB,935
920018095,2,GRB,934
919139168,2,GRB,931
918447166,1,GRB,927
918415275,2,GRB,926
918316261,2,GRB,925
918277827,2,GRB,924
917586983,1,GRB,919
917518852,1,GRB,918
917360644,1,GRB,916
917084834,2,GRB,912
916616179,2,GRB,911
916607536,1,GRB,910
916077506,2,GRB,908
916055848,2,GRB,907
915881056,1,GRB,905
915526189,2,GRB,904
915465753,1,GRB,903
915285120,2,GRB,901
915253598,2,GRB,900
915066486,1,GRB,898
914724819,1,GRB,0
914669222,1,GRB,895
914415085,2,GRB,892
914207457,2,GRB,891
914190747,1,GRB,890
914090694,1,GRB,889
914001334,1,GRB,888
912836489,2,GRB,881
912669488,1,GRB,879
912646787,2,GRB,878
912387186,1,GRB,875
910842945,2,GRB,866
910783784,1,GRB,865
910397581,2,GRB,860
909993354,1,GRB,851
909905341,2,GRB,850
909827050,1,GRB,847
909710406,2,GRB,846
909079323,2,GRB,839
909011293,2,GRB,836
908834805,1,GRB,835
908656333,1,GRB,834
908493331,1,GRB,832
908427147,1,GRB,831
908335434,2,GRB,830
907911935,2,GRB,827
907610426,2,GRB,824
906753899,1,GRB,818
906699171,1,GRB,817
906581447,1,GRB,816
906182964,2,GRB,813
906123184,1,GRB,812
905613340,2,GRB,807
905295063,2,GRB,804
904898549,1,GRB,800
904818497,1,GRB,799
904333084,2,GRB,787
904248641,2,GRB,786
903826158,1,GRB,782
903751818,1,GRB,780
903719764,1,GRB,777
902988077,1,GRB,769
902898970,2,GRB,768
902774135,2,GRB,767
902151387,2,GRB,765
901860129,1,GRB,764
901202116,2,GRB,0
901002991,1,GRB,749
900972967,1,GRB,747
900730739,1,GRB,744
900301304,1,GRB,742
899916892,2,GRB,740
899908687,1,GRB,739
899761251,1,GRB,738
899740786,2,GRB,737
899110786,2,GRB,733
898900789,1,GRB,730
898704474,1,GRB,728
898546902,2,GRB,727
898261930,1,GRB,724
898003737,2,GRB,714
897905521,2,GRB,712
897814254,1,GRB,711
897556251,2,GRB,709
897522995,1,GRB,708
897508346,1,GRB,707
897424339,1,GRB,706
897055931,1,GRB,703
896600860,1,GRB,702
896254498,2,GRB,695
895890200,2,GRB,692
895663779,1,GRB,691
895580419,2,GRB,690
895464472,2,GRB,689
895317837,1,GRB,688
894997553,1,GRB,687
894600445,2,GRB,684
893954102,1,GRB,677
893828492,2,GRB,675
893794206,1,GRB,674
893724789,1,GRB,673
893668073,2,GRB,0
893066813,2,GRB,671
892843356,1,GRB,670
892819964,2,GRB,669
892087720,2,GRB,667
891405116,2,GRB,666
891363478,1,GRB,665
891249623,1,GRB,664
891216096,1,GRB,663
891143079,2,GRB,662
890143094,1,GRB,661
889864064,1,GRB,659
889545051,1,GRB,658
889538261,1,GRB,657
889476102,1,GRB,656
889323605,1,GRB,655
889205648,1,GRB,654
889176989,1,GRB,653
889147703,1,GRB,652
888826755,2,GRB,650
888814774,1,GRB,649
888742767,1,GRB,648
888707505,2,GRB,647
888684852,2,GRB,646
888648244,2,GRB,645
887896365,1,GRB,644
887814768,1,GRB,643
887773528,2,GRB,642
887554855,1,GRB,641
886942258,1,GRB,640
886656585,1,GRB,639
886546030,1,GRB,638
886524010,1,GRB,637
886515664,1,GRB,636
886413306,1,GRB,635
886281787,1,GRB,634
885862730,1,GRB,633
885807817,1,GRB,632
885760813,2,GRB,631
885623678,2,GRB,630
884664462,1,GRB,0
884092680,1,GRB,628
884024685,1,GRB,627
883961084,2,GRB,0
883769509,1,GRB,625
883523750,1,GRB,624
883210988,2,GRB,623
882869704,1,GRB,622
882569574,2,GRB,621
882455703,2,GRB,0
882448962,2,GRB,619
882141652,2,GRB,618
881739815,1,GRB,617
881709035,2,GRB,616
881556437,1,GRB,615
881524711,2,GRB,614
881160796,2,GRB,613
880589081,2,GRB,608
880234181,2,GRB,606
879840208,1,GRB,605
879510065,1,GRB,603
879437329,1,GRB,602
879188141,2,GRB,601
878365884,2,GRB,596
878279420,1,GRB,595
878088551,2,GRB,594
877920208,,,
877585410,1,GRB,593
877521439,1,GRB,592
877272954,1,GRB,589
876904059,2,GRB,588
876423414,1,GRB,587
876115023,2,GRB,586
876014156,1,GRB,585
875577661,1,GRB,567
875314579,2,GRB,566
875227398,1,GRB,565
875014761,1,GRB,561
874895158,2,GRB,560
874883828,1,GRB,558
874692863,1,GRB,557
874314470,2,GRB,556
873185961,2,GRB,549
873049200,1,GRB,548
872790282,2,GRB,546
872447683,2,GRB,545
871796325,2,GRB,544
871697865,2,GRB,543
871646824,2,GRB,542
870978317,1,GRB,541
870632935,2,GRB,540
870492329,2,GRB,539
870416506,2,GRB,538
869903176,,,
869898634,,,
869895865,,,
869892890,,,
869634657,1,GRB,537
869527867,2,GRB,535
868976474,2,GRB,533
868774590,1,GRB,532
868225214,1,GRB,531
868123259,1,GRB,530
867468471,2,GRB,523
867449208,2,GRB,522
867289439,1,GRB,521
867240793,2,GRB,0
867220481,1,GRB,519
867133807,1,GRB,518
867131249,2,GRB,517
866484657,2,GRB,516
866125724,2,GRB,515
865956118,2,GRB,510
865777032,1,GRB,509
865674984,1,GRB,508
865453745,1,GRB,507
865380899,2,GRB,506
865268455,1,GRB,505
865192770,2,GRB,504
864611606,2,GRB,503
864222791,1,GRB,502
863859880,1,GRB,501
863184243,2,GRB,500
862933303,1,GRB,499
862476500,1,GRB,498
862313808,2,GRB,497
862198965,1,GRB,496
862144923,1,GRB,495
861430343,1,GRB,494
861358759,1,GRB,493
861232436,2,GRB,492
860752365,,,
860342887,2,GRB,491
860285860,2,GRB,490
860175010,1,GRB,489
859723988,2,GRB,485
859311382,2,GRB,484
859179764,2,GRB,483
858533170,2,GRB,482
858463764,1,GRB,481
858440452,2,GRB,480
858414064,1,GRB,479
858389801,1,GRB,478
858246373,2,GRB,477
858241296,2,GRB,476
857762943,1,GRB,475
857611320,1,GRB,474
857462650,2,GRB,473
857368307,1,GRB,472
857098681,1,GRB,471
856946785,2,GRB,470
856686386,2,GRB,469
856655606,2,GRB,468
856274996,2,GRB,467
855961153,1,GRB,466
855917183,2,GRB,465
855188003,2,GRB,463
854933525,2,GRB,462
854867441,1,GRB,461
854812450,1,GRB,460
854804222,1,GRB,459
854308827,1,GRB,458
854108343,1,GRB,457
853658728,2,GRB,456
853511274,1,GRB,454
853026544,1,GRB,453
852975839,2,GRB,452
851817532,1,GRB,449
851733000,1,GRB,448
851579455,2,GRB,447
851508436,1,GRB,446
850701156,2,GRB,445
850485167,2,GRB,444
850480426,2,GRB,443
850363670,2,GRB,442
850269372,2,GRB,441
849551461,2,GRB,432
849330831,2,GRB,431
848990599,2,GRB,430
848766517,2,GRB,429
848699464,1,GRB,428
848232290,1,GRB,421
848150834,,,
848070132,1,GRB,0
847923722,2,GRB,408
846934707,2,GRB,407
846864462,2,GRB,406
846615910,1,GRB,405
846571554,1,GRB,404
846310311,2,GRB,402
846096114,1,GRB,400
846010864,1,GRB,399
845909569,1,GRB,398
845551005,1,GRB,0
845380382,2,GRB,395
844868265,1,GRB,394
844852760,2,GRB,393
844289635,1,GRB,0
844203186,2,GRB,386
843796045,2,GRB,385
843565319,1,GRB,384
843368768,1,GRB,383
843318231,1,GRB,382
842846182,1,GRB,381
842655920,1,GRB,380
842554021,1,GRB,379
842536650,2,GRB,378
842165828,2,GRB,373
842049590,1,GRB,372
841680497,1,GRB,371
841487375,2,GRB,370
840932588,2,GRB,369
840599540,1,GRB,368
840103227,1,GRB,362
839932139,2,GRB,361
839660174,1,GRB,360
839601029,2,GRB,359
839447369,2,GRB,358
839370589,2,GRB,357
839282157,2,GRB,356
839201335,2,GRB,355
839097925,1,GRB,354
838791961,2,GRB,353
838468656,2,GRB,350
838049946,1,GRB,349
838019122,2,GRB,348
837111651,2,GRB,347
837106957,1,GRB,346
836957462,2,GRB,345
836870646,1,GRB,343
836856577,2,GRB,342
836734599,2,GRB,341
836417443,1,GRB,340
836320298,1,GRB,0
835939224,2,GRB,338
835677749,1,GRB,337
835565186,2,GRB,336
835492734,2,GRB,335
835476506,2,GRB,334
835045795,1,GRB,333
834778054,1,GRB,332
834608798,1,GRB,331
834449302,2,GRB,330
834183706,2,GRB,329
833962192,1,GRB,0
833716264,1,GRB,327
833574298,2,GRB,326
833507726,1,GRB,325
833476700,1,GRB,324
833408722,2,GRB,323
833371663,2,GRB,322
832869122,1,GRB,321
832699289,1,GRB,320
832479966,2,GRB,0
831725123,2,GRB,317
831472069,2,GRB,313
831388184,1,GRB,312
830940144,1,GRB,310
830872295,1,GRB,309
830697156,2,GRB,307
830476795,2,GRB,306
830191181,2,GRB,305
829975244,2,GRB,303
829852396,1,GRB,290
829793871,2,GRB,278
829791706,1,GRB,277
829175048,2,GRB,274
829085143,2,GRB,273
828601289,2,GRB,272
828251608,1,GRB,271
827781892,1,GRB,258
827705664,2,GRB,257
827472442,1,GRB,255
827442721,2,GRB,254
827245592,1,GRB,253
826623874,2,GRB,252
826017645,1,GRB,251
825574445,2,GRB,250
825551360,1,GRB,249
823945598,2,GRB,247
823716275,2,GRB,245
823582698,1,GRB,244
823512899,1,GRB,243
823269950,1,GRB,242
823211330,2,GRB,241
822968756,1,GRB,240
822444988,2,GRB,239
822132768,2,GRB,238
822054826,2,GRB,237
822044279,2,GRB,236
821894171,1,GRB,235
821695956,1,GRB,234
821621704,1,GRB,233
821547224,2,GRB,228
821364924,2,GRB,222
820726121,2,GRB,221
820552452,1,GRB,0
820388231,2,GRB,219
820045405,1,GRB,218
819449483,2,GRB,204
819391879,2,GRB,203
818907857,2,GRB,202
818830649,2,GRB,201
818498549,1,GRB,200
818423267,1,GRB,199
818400417,2,GRB,197
817952788,2,GRB,196
817901501,1,GRB,195
817015507,1,GRB,180
817008241,2,GRB,179
816785657,1,GRB,177
816769031,1,GRB,176
816576523,2,GRB,175
816305158,1,GRB,173
816200895,2,GRB,172
815490027,1,GRB,0
815449068,2,GRB,0
815291609,2,GRB,169
815277485,2,GRB,168
814664439,1,GRB,167
814109044,1,GRB,165
814072512,1,GRB,164
813994232,2,GRB,163
813804084,1,GRB,162
813672361,1,GRB,161
813641908,1,GRB,0
813599497,2,GRB,159
813447293,1,GRB,157
813156687,2,GRB,156
812866042,1,GRB,154
812547507,1,GRB,153
811662547,2,GRB,152
811520265,2,GRB,151
811105738,2,GRB,146
810690273,2,GRB,145
810301891,2,GRB,0
810253242,1,GRB,143
810225492,2,GRB,142
809324663,2,GRB,141
809063350,1,GRB,140
808709065,2,GRB,137
808012345,1,GRB,136
807594254,1,GRB,135
807581083,2,GRB,134
807501535,2,GRB,131
807539777,2,GRB,133
807526961,2,GRB,132
807138549,1,GRB,128
806768379,1,GRB,127
806446347,1,GRB,126
805841967,2,GRB,125
805671611,2,GRB,124
805434589,1,GRB,123
805341762,2,GRB,122
805031535,2,GRB,121
804827431,1,GRB,120
804749618,1,GRB,119
804580537,2,GRB,117
804569562,1,GRB,116
804421033,1,GRB,115
804057576,1,GRB,114
804053026,2,GRB,113
804048089,2,GRB,112
804036124,2,GRB,111
802761496,2,GRB,108
802749249,1,GRB,107
802650997,1,GRB,106
802158857,1,GRB,105
802076792,1,GRB,104
801463013,2,GRB,103
801288502,2,GRB,102
801218502,1,GRB,101
801186080,1,GRB,100
801140204,2,GRB,99
801124698,1,GRB,98
801039561,1,GRB,97
801011271,1,GRB,96
800519077,1,GRB,95
800499288,1,GRB,94
800404906,1,GRB,93
800237803,1,GRB,91
800092083,1,GRB,90
799685939,1,GRB,89
799526171,1,GRB,88
798833579,2,GRB,87
798768923,1,GRB,86
798333677,2,GRB,83
798258228,1,GRB,82
798246993,1,GRB,81
798003706,1,GRB,80
797858482,1,GRB,79
797586661,1,GRB,78
797409159,1,GRB,0
797333575,1,GRB,75
797267722,1,GRB,74
796952028,2,GRB,72
796915185,1,GRB,71
796769035,2,GRB,70
796737047,2,GRB,69
796152992,1,GRB,64
796115441,2,GRB,63
795637974,2,GRB,62
794549133,2,GRB,59
794415909,1,GRB,58
794312861,1,GRB,56
794188377,2,GRB,55
793810151,1,GRB,54
792533269,1,GRB,50
792476745,2,GRB,49
792469497,2,GRB,48
792382824,1,GRB,47
792209424,2,GRB,45
792165173,1,GRB,44
791858318,2,GRB,42
791676060,1,GRB,40
791045512,1,GRB,39
790089034,1,GRB,37
790068630,2,GRB,36
789896737,2,GRB,35
789826729,1,GRB,34
789799752,1,GRB,33
789745077,2,GRB,32
789203919,2,GRB,31
788741468,2,GRB,29
788600385,1,GRB,28
788308094,,,
788074560,2,GRB,20
788048075,1,GRB,19
787029052,2,GRB,14
786670420,2,GRB,11
785946625,2,GRB,10
785879809,1,GRB,9
785852557,1,GRB,8
785801070,2,GRB,7
785438700,1,GRB,6
785362997,1,GRB,5
785273469,2,GRB,4
785042078,2,GRB,2
785005919,,,
